{"stats":{"minecraft:killed":{"born_in_chaos_v1:zombie_lumberjack":1,"minecraft:vindicator":2,"enemyexpansion:direwolf":1,"illagerinvasion:basher":1,"born_in_chaos_v1:maggot":1,"minecraft:horse":2,"minecraft:skeleton":5,"illagerinvasion:provoker":2,"minecraft:illusioner":1,"minecraft:pig":4,"minecraft:sheep":4,"iceandfire:ghost":3,"minecraft:zombie":2,"born_in_chaos_v1:dread_hound":1,"born_in_chaos_v1:corpse_fly":9,"enemyexpansion:botfly":1,"minecraft:cow":5},"minecraft:used":{"quark:birch_chest":1,"minecraft:iron_shovel":18,"minecraft:armor_stand":10,"minecraft:shield":49,"minecraft:iron_sword":83,"minecraft:rotten_flesh":2,"minecraft:torch":35,"minecraft:tuff":11,"born_in_chaos_v1:corpse_maggot":5,"minecraft:wooden_axe":47,"minecraft:oak_stairs":1,"minecraft:lantern":2,"minecraft:birch_sapling":1,"minecraft:iron_helmet":1,"minecraft:iron_boots":2,"minecraft:item_frame":2,"minecraft:furnace":3,"tombstone:gift":6,"minecraft:cooked_beef":6,"minecraft:cobbled_deepslate":46,"minecraft:cooked_mutton":6,"minecraft:dark_oak_stairs":5,"minecraft:diorite":11,"minecraft:diamond_boots":1,"minecraft:birch_planks":44,"minecraft:stone_pickaxe":132,"minecraft:oak_planks":3,"minecraft:wooden_pickaxe":70,"minecraft:crafting_table":6,"minecraft:white_bed":2,"minecraft:redstone_torch":2,"minecraft:diamond_pickaxe":31,"minecraft:bread":21,"minecraft:map":1,"minecraft:iron_pickaxe":539,"tombstone:magic_scroll":1,"minecraft:stone_axe":11,"minecraft:cobblestone":93,"minecraft:cooked_porkchop":6,"born_in_chaos_v1:wood_splitter_axe":133,"minecraft:yellow_bed":1,"alexsmobs:animal_dictionary":3,"minecraft:birch_stairs":1},"minecraft:mined":{"minecraft:tuff":11,"minecraft:white_bed":2,"iceandfire:graveyard_soil":2,"minecraft:deepslate_diamond_ore":29,"iceandfire:copper_pile":2,"minecraft:grass_block":4,"minecraft:redstone_wire":3,"iceandfire:lectern":2,"minecraft:coal_block":11,"minecraft:hay_block":8,"minecraft:furnace":1,"minecraft:iron_ore":44,"minecraft:fire":6,"minecraft:andesite":58,"minecraft:dark_oak_stairs":5,"minecraft:bookshelf":27,"iceandfire:gold_pile":3,"minecraft:deepslate_iron_ore":18,"minecraft:vine":1,"minecraft:oak_stairs":1,"minecraft:iron_bars":2,"luminousworld:groundpebbles_2":1,"minecraft:stone":230,"minecraft:iron_block":2,"minecraft:smithing_table":1,"minecraft:redstone_wall_torch":1,"iceandfire:pixie_jar_empty":1,"minecraft:birch_stairs":5,"minecraft:redstone_block":1,"minecraft:comparator":1,"minecraft:crafting_table":2,"minecraft:torch":1,"minecraft:tall_grass":1,"minecraft:copper_ore":1,"minecraft:cobblestone":12,"minecraft:oak_planks":3,"minecraft:sugar_cane":9,"minecraft:diorite":11,"minecraft:wall_torch":20,"minecraft:spruce_stairs":1,"minecraft:birch_planks":1,"minecraft:lapis_block":1,"minecraft:birch_log":23,"minecraft:redstone_torch":2,"minecraft:wheat":3,"minecraft:birch_leaves":4,"minecraft:white_wall_banner":1,"minecraft:yellow_bed":1,"minecraft:grass":7,"iceandfire:silver_pile":3,"minecraft:coal_ore":27,"luminousworld:ishstone":7,"minecraft:dark_oak_button":1,"minecraft:gravel":15,"minecraft:dirt":18,"minecraft:gray_carpet":1,"minecraft:cobweb":55,"minecraft:chipped_anvil":1,"minecraft:deepslate":249},"minecraft:broken":{"minecraft:wooden_pickaxe":1,"minecraft:stone_pickaxe":1,"minecraft:shield":1,"minecraft:iron_pickaxe":2,"minecraft:wooden_axe":1},"minecraft:killed_by":{"born_in_chaos_v1:zombie_lumberjack":1,"minecraft:vindicator":1,"illagerinvasion:archivist":1,"iceandfire:ghost":1},"minecraft:picked_up":{"luminousworld:groundpebbles_1":1,"minecraft:iron_chestplate":2,"minecraft:crafting_table":2,"minecraft:wheat":3,"minecraft:chainmail_boots":2,"minecraft:redstone_block":1,"minecraft:smithing_table":1,"friendsandfoes:totem_of_illusion":1,"minecraft:oak_stairs":1,"minecraft:lapis_block":1,"minecraft:string":55,"minecraft:raw_copper":2,"minecraft:armor_stand":10,"minecraft:item_frame":3,"minecraft:iron_shovel":1,"minecraft:zombie_head":2,"iceandfire:bestiary":1,"minecraft:gold_nugget":18,"minecraft:cobbled_deepslate":248,"minecraft:comparator":1,"minecraft:beef":6,"minecraft:redstone_torch":3,"minecraft:iron_pickaxe":2,"minecraft:coal_block":11,"minecraft:sugar_cane":39,"minecraft:birch_sapling":2,"minecraft:furnace":1,"minecraft:golden_helmet":3,"minecraft:stick":3,"minecraft:raw_iron":62,"minecraft:spruce_stairs":1,"minecraft:torch":22,"minecraft:porkchop":8,"iceandfire:rotten_egg":1,"minecraft:diorite":11,"minecraft:redstone":3,"minecraft:arrow":10,"minecraft:rotten_flesh":5,"born_in_chaos_v1:wood_splitter_axe":1,"minecraft:hay_block":13,"minecraft:iron_block":2,"minecraft:gold_ingot":1,"minecraft:skeleton_skull":2,"minecraft:mutton":6,"minecraft:iron_bars":2,"minecraft:cobblestone":239,"minecraft:white_wool":4,"minecraft:birch_log":28,"born_in_chaos_v1:corpse_maggot":6,"born_in_chaos_v1:monster_flesh":1,"minecraft:andesite":58,"luminousworld:ishstone":7,"minecraft:leather":6,"minecraft:golden_leggings":2,"minecraft:birch_planks":1,"minecraft:flint":1,"minecraft:tuff":11,"minecraft:chainmail_chestplate":2,"minecraft:yellow_bed":1,"minecraft:dirt":16,"minecraft:lantern":2,"minecraft:white_banner":1,"born_in_chaos_v1:monster_skin":2,"minecraft:bone":6,"minecraft:chipped_anvil":1,"minecraft:gray_carpet":1,"minecraft:wheat_seeds":7,"minecraft:iron_ingot":3,"minecraft:iron_sword":1,"minecraft:oak_planks":3,"minecraft:dark_oak_stairs":5,"minecraft:book":74,"minecraft:birch_stairs":4,"minecraft:gravel":10,"minecraft:white_bed":3,"illagerinvasion:illusionary_dust":1,"minecraft:sugar":1,"minecraft:diamond":31,"iceandfire:lectern":2,"minecraft:chainmail_leggings":2,"minecraft:emerald":6,"minecraft:chainmail_helmet":2,"tombstone:magic_scroll":1,"iceandfire:silver_nugget":10,"minecraft:coal":27,"minecraft:ender_pearl":1},"minecraft:dropped":{"minecraft:spruce_stairs":1,"minecraft:item_frame":1,"minecraft:dirt":1,"born_in_chaos_v1:monster_skin":1,"minecraft:torch":2,"tombstone:grave_dust":1,"minecraft:white_banner":1,"minecraft:sugar":2,"minecraft:gray_carpet":1,"minecraft:bone":1,"iceandfire:silver_nugget":10,"minecraft:white_bed":1,"iceandfire:rotten_egg":1,"minecraft:iron_chestplate":1,"iceandfire:pixie_dust":1,"iceandfire:bestiary":1,"minecraft:redstone_torch":1},"minecraft:custom":{"minecraft:interact_with_smithing_table":1,"minecraft:mob_kills":46,"minecraft:interact_with_crafting_table":37,"minecraft:open_barrel":8,"minecraft:leave_game":3,"minecraft:time_since_death":9695,"minecraft:climb_one_cm":6712,"minecraft:sprint_one_cm":193412,"minecraft:walk_one_cm":434917,"minecraft:damage_blocked_by_shield":2265,"minecraft:drop":19,"minecraft:talked_to_villager":8,"minecraft:play_time":170783,"minecraft:sneak_time":261,"minecraft:deaths":4,"minecraft:walk_under_water_one_cm":4178,"minecraft:interact_with_brewingstand":1,"minecraft:jump":1234,"minecraft:walk_on_water_one_cm":29680,"minecraft:total_world_time":170783,"minecraft:interact_with_furnace":36,"tombstone:raider_killed":6,"minecraft:sleep_in_bed":5,"minecraft:time_since_rest":9524,"minecraft:damage_taken":3797,"minecraft:trigger_trapped_chest":3,"minecraft:damage_dealt":7069,"minecraft:swim_one_cm":2179,"minecraft:fly_one_cm":84733,"minecraft:open_chest":40,"minecraft:crouch_one_cm":337,"tombstone:undead_killed":11,"minecraft:fall_one_cm":19795},"minecraft:crafted":{"quark:birch_chest":2,"minecraft:furnace":2,"minecraft:cooked_mutton":6,"minecraft:diamond_helmet":1,"minecraft:diamond_leggings":1,"minecraft:iron_boots":1,"minecraft:stone_pickaxe":1,"minecraft:diamond_boots":1,"minecraft:wheat":27,"minecraft:cooked_beef":6,"minecraft:sugar":1,"sophisticatedbackpacks:backpack":1,"minecraft:cooked_porkchop":8,"minecraft:crafting_table":4,"minecraft:wooden_pickaxe":1,"minecraft:iron_helmet":1,"minecraft:birch_planks":112,"minecraft:stone_axe":1,"sophisticatedbackpacks:upgrade_base":1,"minecraft:bread":1,"minecraft:diamond_pickaxe":1,"minecraft:iron_chestplate":1,"minecraft:shield":3,"minecraft:stick":20,"minecraft:iron_ingot":72,"minecraft:iron_pickaxe":2,"minecraft:wooden_axe":1,"minecraft:gold_ingot":2,"minecraft:iron_leggings":1,"minecraft:white_bed":1,"minecraft:torch":24,"minecraft:lapis_lazuli":9,"minecraft:diamond_chestplate":1}},"DataVersion":3465}