{"stats":{"minecraft:killed":{"minecraft:pig":4,"minecraft:sheep":4,"born_in_chaos_v1:dread_hound":1,"enemyexpansion:botfly":1,"minecraft:cow":3},"minecraft:used":{"minecraft:cooked_mutton":1,"minecraft:diorite":7,"quark:birch_chest":1,"minecraft:iron_shovel":1,"minecraft:birch_planks":4,"minecraft:stone_pickaxe":132,"minecraft:wooden_pickaxe":70,"minecraft:torch":17,"minecraft:crafting_table":2,"minecraft:white_bed":1,"minecraft:redstone_torch":2,"minecraft:wooden_axe":47,"minecraft:birch_sapling":1,"minecraft:iron_pickaxe":218,"minecraft:iron_helmet":1,"minecraft:iron_boots":1,"minecraft:stone_axe":8,"minecraft:cobblestone":15,"minecraft:furnace":1,"alexsmobs:animal_dictionary":2,"minecraft:cooked_beef":6},"minecraft:mined":{"minecraft:crafting_table":1,"minecraft:grass_block":4,"minecraft:copper_ore":1,"minecraft:cobblestone":5,"minecraft:sugar_cane":9,"minecraft:diorite":7,"minecraft:wall_torch":4,"minecraft:birch_log":23,"minecraft:redstone_torch":2,"minecraft:iron_ore":44,"minecraft:fire":6,"minecraft:birch_leaves":4,"minecraft:andesite":44,"minecraft:grass":4,"minecraft:coal_ore":24,"luminousworld:ishstone":7,"minecraft:deepslate_iron_ore":10,"minecraft:dirt":11,"minecraft:stone":225,"minecraft:deepslate":29},"minecraft:picked_up":{"minecraft:birch_log":27,"minecraft:crafting_table":1,"born_in_chaos_v1:monster_flesh":1,"minecraft:andesite":44,"luminousworld:ishstone":7,"minecraft:leather":1,"minecraft:dirt":15,"minecraft:raw_copper":2,"born_in_chaos_v1:monster_skin":1,"minecraft:iron_shovel":1,"minecraft:cobbled_deepslate":29,"minecraft:beef":6,"minecraft:redstone_torch":2,"minecraft:sugar_cane":20,"minecraft:birch_sapling":2,"minecraft:stick":1,"minecraft:raw_iron":54,"minecraft:torch":6,"minecraft:porkchop":8,"minecraft:diorite":7,"minecraft:white_bed":1,"minecraft:mutton":6,"minecraft:coal":24,"minecraft:white_wool":4,"minecraft:cobblestone":230},"minecraft:broken":{"minecraft:stone_pickaxe":1,"minecraft:wooden_axe":1,"minecraft:wooden_pickaxe":1},"minecraft:dropped":{"minecraft:white_bed":1,"minecraft:torch":2},"minecraft:custom":{"minecraft:interact_with_furnace":26,"minecraft:mob_kills":14,"minecraft:interact_with_crafting_table":18,"minecraft:leave_game":1,"minecraft:time_since_death":39417,"minecraft:sleep_in_bed":1,"minecraft:time_since_rest":2795,"minecraft:sprint_one_cm":40866,"minecraft:damage_taken":587,"minecraft:walk_one_cm":85489,"minecraft:drop":3,"minecraft:damage_dealt":1574,"minecraft:swim_one_cm":2179,"minecraft:fly_one_cm":11212,"minecraft:open_chest":1,"minecraft:play_time":39417,"minecraft:walk_under_water_one_cm":240,"minecraft:jump":231,"minecraft:walk_on_water_one_cm":2691,"minecraft:total_world_time":39417,"minecraft:fall_one_cm":418},"minecraft:crafted":{"minecraft:cooked_beef":6,"quark:birch_chest":1,"minecraft:cooked_porkchop":8,"minecraft:crafting_table":1,"minecraft:wooden_pickaxe":1,"minecraft:iron_helmet":1,"minecraft:furnace":1,"minecraft:birch_planks":92,"minecraft:stone_axe":1,"minecraft:cooked_mutton":6,"minecraft:iron_boots":1,"minecraft:shield":1,"minecraft:stick":16,"minecraft:iron_ingot":19,"minecraft:iron_pickaxe":1,"minecraft:stone_pickaxe":1,"minecraft:wooden_axe":1,"minecraft:white_bed":1,"minecraft:torch":16}},"DataVersion":3465}