{"stats":{"minecraft:killed":{"minecraft:pig":4,"born_in_chaos_v1:zombie_lumberjack":1,"enemyexpansion:direwolf":1,"minecraft:skeleton":1,"minecraft:sheep":4,"iceandfire:ghost":1,"minecraft:zombie":1,"born_in_chaos_v1:dread_hound":1,"born_in_chaos_v1:corpse_fly":5,"enemyexpansion:botfly":1,"minecraft:cow":3},"minecraft:killed_by":{"born_in_chaos_v1:zombie_lumberjack":1},"minecraft:mined":{"minecraft:tuff":11,"iceandfire:graveyard_soil":2,"minecraft:white_bed":2,"minecraft:deepslate_diamond_ore":29,"minecraft:crafting_table":2,"minecraft:torch":1,"minecraft:grass_block":4,"minecraft:copper_ore":1,"minecraft:cobblestone":10,"minecraft:sugar_cane":9,"minecraft:diorite":11,"minecraft:wall_torch":20,"minecraft:furnace":1,"minecraft:redstone_torch":2,"minecraft:birch_log":23,"minecraft:iron_ore":44,"minecraft:fire":6,"minecraft:andesite":58,"minecraft:birch_leaves":4,"minecraft:vine":1,"minecraft:grass":7,"minecraft:coal_ore":27,"luminousworld:ishstone":7,"minecraft:deepslate_iron_ore":18,"minecraft:iron_bars":2,"minecraft:gravel":15,"minecraft:dirt":18,"luminousworld:groundpebbles_2":1,"minecraft:stone":229,"minecraft:chipped_anvil":1,"minecraft:redstone_wall_torch":1,"minecraft:deepslate":249},"minecraft:used":{"minecraft:cooked_mutton":6,"minecraft:diorite":11,"quark:birch_chest":1,"minecraft:diamond_boots":1,"minecraft:iron_shovel":18,"minecraft:birch_planks":4,"minecraft:stone_pickaxe":132,"minecraft:wooden_pickaxe":70,"minecraft:shield":22,"minecraft:rotten_flesh":1,"minecraft:torch":25,"minecraft:crafting_table":3,"minecraft:white_bed":2,"minecraft:tuff":11,"minecraft:redstone_torch":2,"born_in_chaos_v1:corpse_maggot":5,"minecraft:wooden_axe":47,"minecraft:diamond_pickaxe":28,"minecraft:birch_sapling":1,"minecraft:iron_pickaxe":501,"minecraft:iron_helmet":1,"minecraft:iron_boots":2,"minecraft:stone_axe":11,"minecraft:cobblestone":85,"minecraft:furnace":3,"minecraft:cooked_porkchop":2,"born_in_chaos_v1:wood_splitter_axe":28,"tombstone:gift":2,"alexsmobs:animal_dictionary":3,"minecraft:cooked_beef":6,"minecraft:cobbled_deepslate":35},"minecraft:crafted":{"minecraft:cooked_beef":6,"minecraft:sugar":1,"quark:birch_chest":1,"minecraft:cooked_porkchop":8,"minecraft:crafting_table":2,"minecraft:wooden_pickaxe":1,"minecraft:iron_helmet":1,"minecraft:furnace":2,"minecraft:birch_planks":112,"minecraft:stone_axe":1,"minecraft:cooked_mutton":6,"minecraft:diamond_helmet":1,"minecraft:diamond_leggings":1,"minecraft:diamond_pickaxe":1,"minecraft:iron_boots":1,"minecraft:iron_chestplate":1,"minecraft:shield":3,"minecraft:stick":20,"minecraft:iron_ingot":54,"minecraft:iron_pickaxe":2,"minecraft:stone_pickaxe":1,"minecraft:wooden_axe":1,"minecraft:diamond_boots":1,"minecraft:iron_leggings":1,"minecraft:white_bed":1,"minecraft:torch":24,"minecraft:diamond_chestplate":1},"minecraft:custom":{"minecraft:interact_with_furnace":32,"minecraft:mob_kills":24,"minecraft:interact_with_crafting_table":30,"minecraft:open_barrel":7,"minecraft:leave_game":3,"minecraft:time_since_death":34045,"minecraft:sleep_in_bed":3,"minecraft:time_since_rest":3622,"minecraft:sprint_one_cm":64929,"minecraft:damage_taken":1718,"minecraft:walk_one_cm":205404,"minecraft:damage_blocked_by_shield":345,"minecraft:trigger_trapped_chest":3,"minecraft:drop":7,"minecraft:damage_dealt":3404,"minecraft:swim_one_cm":2179,"minecraft:fly_one_cm":24843,"minecraft:open_chest":12,"minecraft:play_time":85324,"tombstone:undead_killed":4,"minecraft:deaths":1,"minecraft:walk_under_water_one_cm":364,"minecraft:jump":787,"minecraft:walk_on_water_one_cm":10604,"minecraft:total_world_time":85324,"minecraft:fall_one_cm":6663},"minecraft:broken":{"minecraft:stone_pickaxe":1,"minecraft:iron_pickaxe":2,"minecraft:wooden_axe":1,"minecraft:wooden_pickaxe":1},"minecraft:picked_up":{"minecraft:birch_log":28,"born_in_chaos_v1:corpse_maggot":5,"minecraft:crafting_table":2,"born_in_chaos_v1:monster_flesh":1,"minecraft:andesite":58,"luminousworld:ishstone":7,"minecraft:leather":1,"minecraft:flint":1,"minecraft:tuff":11,"minecraft:dirt":16,"minecraft:raw_copper":2,"born_in_chaos_v1:monster_skin":1,"minecraft:iron_shovel":1,"minecraft:bone":2,"minecraft:chipped_anvil":1,"minecraft:cobbled_deepslate":248,"minecraft:iron_ingot":3,"minecraft:beef":6,"minecraft:redstone_torch":3,"minecraft:sugar_cane":39,"minecraft:birch_sapling":2,"minecraft:furnace":1,"minecraft:stick":3,"minecraft:raw_iron":62,"minecraft:torch":22,"minecraft:gravel":10,"minecraft:porkchop":8,"minecraft:diorite":11,"minecraft:white_bed":3,"minecraft:sugar":1,"minecraft:arrow":2,"minecraft:rotten_flesh":3,"minecraft:diamond":29,"born_in_chaos_v1:wood_splitter_axe":1,"minecraft:iron_bars":2,"minecraft:mutton":6,"minecraft:coal":27,"minecraft:white_wool":4,"minecraft:cobblestone":239},"minecraft:dropped":{"minecraft:white_bed":1,"minecraft:dirt":1,"minecraft:torch":2,"minecraft:redstone_torch":1,"minecraft:sugar":2}},"DataVersion":3465}