{"stats":{"minecraft:killed":{"minecraft:pig":4,"minecraft:sheep":4,"born_in_chaos_v1:dread_hound":1,"enemyexpansion:botfly":1,"minecraft:cow":3},"minecraft:mined":{"minecraft:crafting_table":1,"minecraft:grass_block":4,"minecraft:copper_ore":1,"minecraft:cobblestone":5,"minecraft:sugar_cane":9,"minecraft:diorite":10,"minecraft:wall_torch":5,"minecraft:redstone_torch":2,"minecraft:birch_log":23,"minecraft:iron_ore":44,"minecraft:fire":6,"minecraft:andesite":58,"minecraft:birch_leaves":4,"minecraft:grass":4,"minecraft:coal_ore":27,"luminousworld:ishstone":7,"minecraft:deepslate_iron_ore":10,"minecraft:dirt":11,"minecraft:stone":225,"minecraft:deepslate":29},"minecraft:used":{"minecraft:cooked_mutton":1,"minecraft:diorite":7,"quark:birch_chest":1,"minecraft:iron_shovel":1,"minecraft:birch_planks":4,"minecraft:stone_pickaxe":132,"minecraft:wooden_pickaxe":70,"minecraft:torch":19,"minecraft:crafting_table":2,"minecraft:white_bed":1,"minecraft:redstone_torch":2,"minecraft:wooden_axe":47,"minecraft:birch_sapling":1,"minecraft:iron_pickaxe":238,"minecraft:iron_helmet":1,"minecraft:iron_boots":1,"minecraft:stone_axe":8,"minecraft:cobblestone":15,"minecraft:furnace":1,"alexsmobs:animal_dictionary":2,"minecraft:cooked_beef":6},"minecraft:crafted":{"minecraft:cooked_beef":6,"quark:birch_chest":1,"minecraft:cooked_porkchop":8,"minecraft:crafting_table":1,"minecraft:wooden_pickaxe":1,"minecraft:iron_helmet":1,"minecraft:furnace":1,"minecraft:birch_planks":92,"minecraft:stone_axe":1,"minecraft:cooked_mutton":6,"minecraft:iron_chestplate":1,"minecraft:iron_boots":1,"minecraft:shield":1,"minecraft:stick":20,"minecraft:iron_ingot":54,"minecraft:iron_pickaxe":2,"minecraft:stone_pickaxe":1,"minecraft:wooden_axe":1,"minecraft:iron_leggings":1,"minecraft:white_bed":1,"minecraft:torch":24},"minecraft:custom":{"minecraft:interact_with_furnace":28,"minecraft:mob_kills":14,"minecraft:interact_with_crafting_table":23,"minecraft:leave_game":1,"minecraft:time_since_death":44755,"minecraft:sleep_in_bed":1,"minecraft:time_since_rest":8133,"minecraft:sprint_one_cm":41916,"minecraft:damage_taken":587,"minecraft:walk_one_cm":103823,"minecraft:drop":3,"minecraft:damage_dealt":1574,"minecraft:swim_one_cm":2179,"minecraft:fly_one_cm":11337,"minecraft:open_chest":5,"minecraft:play_time":44755,"minecraft:walk_under_water_one_cm":240,"minecraft:jump":311,"minecraft:walk_on_water_one_cm":2691,"minecraft:total_world_time":44755,"minecraft:fall_one_cm":956},"minecraft:broken":{"minecraft:stone_pickaxe":1,"minecraft:wooden_axe":1,"minecraft:wooden_pickaxe":1},"minecraft:picked_up":{"minecraft:birch_log":27,"minecraft:crafting_table":1,"born_in_chaos_v1:monster_flesh":1,"minecraft:andesite":57,"luminousworld:ishstone":7,"minecraft:leather":1,"minecraft:dirt":15,"minecraft:raw_copper":2,"born_in_chaos_v1:monster_skin":1,"minecraft:iron_shovel":1,"minecraft:cobbled_deepslate":29,"minecraft:iron_ingot":3,"minecraft:beef":6,"minecraft:redstone_torch":2,"minecraft:sugar_cane":20,"minecraft:birch_sapling":2,"minecraft:stick":3,"minecraft:raw_iron":54,"minecraft:torch":7,"minecraft:porkchop":8,"minecraft:diorite":10,"minecraft:white_bed":1,"minecraft:coal":27,"minecraft:mutton":6,"minecraft:white_wool":4,"minecraft:cobblestone":230},"minecraft:dropped":{"minecraft:white_bed":1,"minecraft:torch":2}},"DataVersion":3465}