{"stats":{"minecraft:killed":{"born_in_chaos_v1:zombie_lumberjack":1,"enemyexpansion:direwolf":1,"born_in_chaos_v1:maggot":1,"minecraft:skeleton":1,"minecraft:pig":4,"minecraft:sheep":4,"iceandfire:ghost":3,"minecraft:zombie":2,"born_in_chaos_v1:dread_hound":1,"born_in_chaos_v1:corpse_fly":9,"enemyexpansion:botfly":1,"minecraft:cow":4},"minecraft:used":{"quark:birch_chest":1,"minecraft:iron_shovel":18,"minecraft:shield":26,"minecraft:rotten_flesh":2,"minecraft:torch":25,"minecraft:tuff":11,"born_in_chaos_v1:corpse_maggot":5,"minecraft:wooden_axe":47,"minecraft:lantern":1,"minecraft:birch_sapling":1,"minecraft:iron_helmet":1,"minecraft:iron_boots":2,"minecraft:furnace":3,"tombstone:gift":2,"minecraft:cooked_beef":6,"minecraft:cobbled_deepslate":35,"minecraft:cooked_mutton":6,"minecraft:diorite":11,"minecraft:diamond_boots":1,"minecraft:birch_planks":4,"minecraft:stone_pickaxe":132,"minecraft:oak_planks":2,"minecraft:wooden_pickaxe":70,"minecraft:crafting_table":4,"minecraft:white_bed":2,"minecraft:redstone_torch":2,"minecraft:diamond_pickaxe":31,"minecraft:bread":4,"minecraft:map":1,"minecraft:iron_pickaxe":502,"tombstone:magic_scroll":1,"minecraft:stone_axe":11,"minecraft:cobblestone":93,"minecraft:cooked_porkchop":3,"born_in_chaos_v1:wood_splitter_axe":98,"alexsmobs:animal_dictionary":3},"minecraft:mined":{"minecraft:tuff":11,"minecraft:white_bed":2,"iceandfire:graveyard_soil":2,"minecraft:deepslate_diamond_ore":29,"iceandfire:copper_pile":2,"minecraft:grass_block":4,"iceandfire:lectern":2,"minecraft:hay_block":8,"minecraft:furnace":1,"minecraft:iron_ore":44,"minecraft:fire":6,"minecraft:andesite":58,"minecraft:bookshelf":25,"iceandfire:gold_pile":3,"minecraft:deepslate_iron_ore":18,"minecraft:vine":1,"minecraft:iron_bars":2,"luminousworld:groundpebbles_2":1,"minecraft:stone":229,"minecraft:redstone_wall_torch":1,"iceandfire:pixie_jar_empty":1,"minecraft:crafting_table":2,"minecraft:torch":1,"minecraft:tall_grass":1,"minecraft:copper_ore":1,"minecraft:cobblestone":12,"minecraft:oak_planks":2,"minecraft:sugar_cane":9,"minecraft:diorite":11,"minecraft:wall_torch":20,"minecraft:spruce_stairs":1,"minecraft:birch_log":23,"minecraft:redstone_torch":2,"minecraft:wheat":3,"minecraft:birch_leaves":4,"minecraft:white_wall_banner":1,"minecraft:yellow_bed":1,"minecraft:grass":7,"iceandfire:silver_pile":3,"minecraft:coal_ore":27,"luminousworld:ishstone":7,"minecraft:dark_oak_button":1,"minecraft:gravel":15,"minecraft:dirt":18,"minecraft:chipped_anvil":1,"minecraft:deepslate":249},"minecraft:broken":{"minecraft:wooden_pickaxe":1,"minecraft:stone_pickaxe":1,"minecraft:iron_pickaxe":2,"minecraft:wooden_axe":1},"minecraft:killed_by":{"born_in_chaos_v1:zombie_lumberjack":1,"iceandfire:ghost":1},"minecraft:picked_up":{"luminousworld:groundpebbles_1":1,"minecraft:iron_chestplate":1,"minecraft:crafting_table":2,"minecraft:wheat":3,"minecraft:raw_copper":2,"minecraft:item_frame":1,"minecraft:iron_shovel":1,"minecraft:gold_nugget":18,"minecraft:cobbled_deepslate":248,"minecraft:beef":6,"minecraft:redstone_torch":3,"minecraft:iron_pickaxe":1,"minecraft:sugar_cane":39,"minecraft:birch_sapling":2,"minecraft:furnace":1,"minecraft:stick":3,"minecraft:raw_iron":62,"minecraft:spruce_stairs":1,"minecraft:torch":22,"minecraft:porkchop":8,"minecraft:diorite":11,"minecraft:arrow":2,"minecraft:rotten_flesh":5,"born_in_chaos_v1:wood_splitter_axe":1,"minecraft:hay_block":8,"minecraft:mutton":6,"minecraft:iron_bars":2,"minecraft:cobblestone":239,"minecraft:white_wool":4,"minecraft:birch_log":28,"born_in_chaos_v1:corpse_maggot":6,"born_in_chaos_v1:monster_flesh":1,"minecraft:andesite":58,"luminousworld:ishstone":7,"minecraft:leather":1,"minecraft:flint":1,"minecraft:tuff":11,"minecraft:yellow_bed":1,"minecraft:dirt":16,"minecraft:lantern":1,"minecraft:white_banner":1,"born_in_chaos_v1:monster_skin":2,"minecraft:bone":2,"minecraft:chipped_anvil":1,"minecraft:wheat_seeds":7,"minecraft:iron_ingot":3,"minecraft:oak_planks":2,"minecraft:book":68,"minecraft:gravel":10,"minecraft:white_bed":3,"minecraft:sugar":1,"minecraft:diamond":29,"iceandfire:lectern":2,"tombstone:magic_scroll":1,"iceandfire:silver_nugget":10,"minecraft:coal":27,"minecraft:ender_pearl":1},"minecraft:dropped":{"minecraft:spruce_stairs":1,"minecraft:item_frame":1,"minecraft:dirt":1,"born_in_chaos_v1:monster_skin":1,"minecraft:torch":2,"tombstone:grave_dust":1,"minecraft:white_banner":1,"minecraft:sugar":2,"iceandfire:silver_nugget":10,"minecraft:white_bed":1,"minecraft:redstone_torch":1},"minecraft:custom":{"minecraft:mob_kills":33,"minecraft:interact_with_crafting_table":33,"minecraft:open_barrel":8,"minecraft:leave_game":3,"minecraft:time_since_death":25105,"minecraft:climb_one_cm":1437,"minecraft:sprint_one_cm":92647,"minecraft:walk_one_cm":275903,"minecraft:damage_blocked_by_shield":435,"minecraft:drop":13,"minecraft:talked_to_villager":3,"minecraft:play_time":110783,"minecraft:deaths":2,"minecraft:walk_under_water_one_cm":364,"minecraft:jump":892,"minecraft:walk_on_water_one_cm":10604,"minecraft:total_world_time":110783,"minecraft:interact_with_furnace":34,"minecraft:sleep_in_bed":3,"minecraft:time_since_rest":24405,"minecraft:damage_taken":2165,"minecraft:trigger_trapped_chest":3,"minecraft:damage_dealt":4623,"minecraft:swim_one_cm":2179,"minecraft:fly_one_cm":39547,"minecraft:open_chest":25,"tombstone:undead_killed":7,"minecraft:fall_one_cm":10746},"minecraft:crafted":{"quark:birch_chest":1,"minecraft:furnace":2,"minecraft:cooked_mutton":6,"minecraft:diamond_helmet":1,"minecraft:diamond_leggings":1,"minecraft:iron_boots":1,"minecraft:stone_pickaxe":1,"minecraft:diamond_boots":1,"minecraft:wheat":27,"minecraft:cooked_beef":6,"minecraft:sugar":1,"minecraft:cooked_porkchop":8,"minecraft:crafting_table":2,"minecraft:wooden_pickaxe":1,"minecraft:iron_helmet":1,"minecraft:birch_planks":112,"minecraft:stone_axe":1,"minecraft:bread":1,"minecraft:diamond_pickaxe":1,"minecraft:iron_chestplate":1,"minecraft:shield":3,"minecraft:stick":20,"minecraft:iron_ingot":54,"minecraft:iron_pickaxe":2,"minecraft:wooden_axe":1,"minecraft:gold_ingot":2,"minecraft:iron_leggings":1,"minecraft:white_bed":1,"minecraft:torch":24,"minecraft:diamond_chestplate":1}},"DataVersion":3465}