{"stats":{"minecraft:killed":{"minecraft:pig":4,"born_in_chaos_v1:zombie_lumberjack":1,"minecraft:skeleton":1,"minecraft:sheep":4,"minecraft:zombie":1,"born_in_chaos_v1:dread_hound":1,"born_in_chaos_v1:corpse_fly":4,"enemyexpansion:botfly":1,"minecraft:cow":3},"minecraft:killed_by":{"born_in_chaos_v1:zombie_lumberjack":1},"minecraft:mined":{"minecraft:tuff":11,"minecraft:deepslate_diamond_ore":29,"minecraft:crafting_table":2,"minecraft:torch":1,"minecraft:grass_block":4,"minecraft:copper_ore":1,"minecraft:cobblestone":7,"minecraft:sugar_cane":9,"minecraft:diorite":11,"minecraft:wall_torch":19,"minecraft:furnace":1,"minecraft:redstone_torch":2,"minecraft:birch_log":23,"minecraft:iron_ore":44,"minecraft:fire":6,"minecraft:andesite":58,"minecraft:birch_leaves":4,"minecraft:grass":4,"minecraft:coal_ore":27,"luminousworld:ishstone":7,"minecraft:deepslate_iron_ore":18,"minecraft:gravel":15,"minecraft:dirt":11,"minecraft:stone":226,"minecraft:chipped_anvil":1,"minecraft:deepslate":249},"minecraft:used":{"minecraft:cooked_mutton":6,"minecraft:diorite":11,"quark:birch_chest":1,"minecraft:diamond_boots":1,"minecraft:iron_shovel":10,"minecraft:birch_planks":4,"minecraft:stone_pickaxe":132,"minecraft:wooden_pickaxe":70,"minecraft:shield":2,"minecraft:rotten_flesh":1,"minecraft:torch":25,"minecraft:crafting_table":3,"minecraft:white_bed":1,"minecraft:tuff":11,"minecraft:redstone_torch":2,"born_in_chaos_v1:corpse_maggot":5,"minecraft:wooden_axe":47,"minecraft:diamond_pickaxe":17,"minecraft:birch_sapling":1,"minecraft:iron_pickaxe":501,"minecraft:iron_helmet":1,"minecraft:iron_boots":2,"minecraft:stone_axe":11,"minecraft:cobblestone":77,"minecraft:furnace":2,"minecraft:cooked_porkchop":1,"born_in_chaos_v1:wood_splitter_axe":12,"tombstone:gift":2,"alexsmobs:animal_dictionary":3,"minecraft:cooked_beef":6,"minecraft:cobbled_deepslate":33},"minecraft:crafted":{"minecraft:cooked_beef":6,"quark:birch_chest":1,"minecraft:cooked_porkchop":8,"minecraft:crafting_table":2,"minecraft:wooden_pickaxe":1,"minecraft:iron_helmet":1,"minecraft:furnace":2,"minecraft:birch_planks":112,"minecraft:stone_axe":1,"minecraft:cooked_mutton":6,"minecraft:diamond_helmet":1,"minecraft:diamond_leggings":1,"minecraft:diamond_pickaxe":1,"minecraft:iron_boots":1,"minecraft:iron_chestplate":1,"minecraft:shield":3,"minecraft:stick":20,"minecraft:iron_ingot":54,"minecraft:iron_pickaxe":2,"minecraft:stone_pickaxe":1,"minecraft:wooden_axe":1,"minecraft:diamond_boots":1,"minecraft:iron_leggings":1,"minecraft:white_bed":1,"minecraft:torch":24,"minecraft:diamond_chestplate":1},"minecraft:custom":{"minecraft:interact_with_furnace":32,"minecraft:mob_kills":21,"minecraft:interact_with_crafting_table":30,"minecraft:open_barrel":7,"minecraft:leave_game":3,"minecraft:time_since_death":28045,"minecraft:sleep_in_bed":2,"minecraft:time_since_rest":27940,"minecraft:sprint_one_cm":42512,"minecraft:damage_taken":1528,"minecraft:walk_one_cm":176805,"minecraft:damage_blocked_by_shield":75,"minecraft:drop":3,"minecraft:damage_dealt":2714,"minecraft:swim_one_cm":2179,"minecraft:fly_one_cm":11838,"minecraft:open_chest":12,"minecraft:play_time":79324,"tombstone:undead_killed":3,"minecraft:deaths":1,"minecraft:walk_under_water_one_cm":364,"minecraft:jump":671,"minecraft:walk_on_water_one_cm":10604,"minecraft:total_world_time":79324,"minecraft:fall_one_cm":4453},"minecraft:broken":{"minecraft:stone_pickaxe":1,"minecraft:iron_pickaxe":2,"minecraft:wooden_axe":1,"minecraft:wooden_pickaxe":1},"minecraft:picked_up":{"minecraft:birch_log":28,"born_in_chaos_v1:corpse_maggot":5,"minecraft:crafting_table":2,"born_in_chaos_v1:monster_flesh":1,"minecraft:andesite":58,"luminousworld:ishstone":7,"minecraft:leather":1,"minecraft:flint":1,"minecraft:tuff":11,"minecraft:dirt":15,"minecraft:raw_copper":2,"born_in_chaos_v1:monster_skin":1,"minecraft:iron_shovel":1,"minecraft:bone":2,"minecraft:chipped_anvil":1,"minecraft:cobbled_deepslate":248,"minecraft:iron_ingot":3,"minecraft:beef":6,"minecraft:redstone_torch":2,"minecraft:sugar_cane":20,"minecraft:birch_sapling":2,"minecraft:furnace":1,"minecraft:stick":3,"minecraft:raw_iron":62,"minecraft:torch":21,"minecraft:gravel":10,"minecraft:porkchop":8,"minecraft:diorite":11,"minecraft:white_bed":1,"minecraft:arrow":2,"minecraft:rotten_flesh":3,"minecraft:diamond":29,"born_in_chaos_v1:wood_splitter_axe":1,"minecraft:mutton":6,"minecraft:coal":27,"minecraft:white_wool":4,"minecraft:cobblestone":233},"minecraft:dropped":{"minecraft:white_bed":1,"minecraft:torch":2}},"DataVersion":3465}