{"stats":{"minecraft:custom":{"minecraft:interact_with_crafting_table":33,"minecraft:open_barrel":127,"minecraft:eat_cake_slice":10,"minecraft:leave_game":11,"minecraft:time_since_death":5757,"minecraft:damage_blocked_by_shield":3180,"minecraft:play_time":905360,"minecraft:deaths":65,"minecraft:jump":12345,"minecraft:enchant_item":5,"minecraft:interact_with_furnace":40,"minecraft:sleep_in_bed":46,"minecraft:damage_dealt":84600,"tombstone:undead_killed":147,"minecraft:interact_with_smoker":1,"minecraft:inspect_dispenser":3,"minecraft:interact_with_smithing_table":4,"minecraft:interact_with_anvil":1,"minecraft:inspect_hopper":2,"minecraft:damage_dealt_absorbed":455,"minecraft:target_hit":2,"minecraft:sneak_time":24488,"minecraft:interact_with_blast_furnace":1,"minecraft:total_world_time":905360,"tombstone:raider_killed":39,"minecraft:time_since_rest":5461,"tombstone:cast_on_ally":0,"minecraft:swim_one_cm":192031,"minecraft:fly_one_cm":4471856,"minecraft:open_chest":331,"minecraft:fall_one_cm":745078,"minecraft:animals_bred":1,"minecraft:damage_resisted":334,"minecraft:sprint_one_cm":1317279,"minecraft:drop":225,"minecraft:talked_to_villager":7,"minecraft:interact_with_brewingstand":2,"minecraft:walk_on_water_one_cm":138130,"minecraft:crouch_one_cm":50080,"minecraft:mob_kills":371,"minecraft:interact_with_campfire":4,"minecraft:damage_dealt_resisted":2716,"minecraft:climb_one_cm":66121,"minecraft:walk_one_cm":1751164,"minecraft:walk_under_water_one_cm":109857,"minecraft:boat_one_cm":17820,"minecraft:interact_with_grindstone":1,"minecraft:damage_taken":35089,"minecraft:damage_absorbed":7,"minecraft:trigger_trapped_chest":6},"minecraft:picked_up":{"minecraft:wooden_axe":2,"minecraft:chainmail_boots":1,"minecraft:anvil":1,"minecraft:birch_button":1,"minecraft:enchanted_book":3,"minecraft:golden_shovel":1,"minecraft:golden_sword":1,"minecraft:string":45,"illagerinvasion:platinum_infused_hatchet":1,"minecraft:gold_nugget":92,"minecraft:cobbled_deepslate":30,"minecraft:coal_block":3,"minecraft:mangrove_log":2,"minecraft:golden_helmet":1,"quark:blossom_log":2,"minecraft:golden_axe":1,"minecraft:rabbit_foot":10,"minecraft:brown_carpet":2,"minecraft:vex_armor_trim_smithing_template":2,"minecraft:iron_block":1,"supplementaries:ash":20,"minecraft:white_terracotta":2,"supplementaries:quiver":1,"minecraft:birch_log":14,"minecraft:oxidized_copper":3,"minecraft:feather":7,"minecraft:cooked_beef":3,"minecraft:jungle_log":52,"minecraft:copper_block":12,"minecraft:jungle_wood":5,"ironchest:copper_chest":1,"minecraft:flint":1,"born_in_chaos_v1:black_argillite_button":2,"minecraft:cyan_concrete_powder":1,"minecraft:lantern":8,"minecraft:purple_carpet":1,"minecraft:rabbit":1,"endrem:lost_eye":1,"ecologics:prickly_pear":3,"iceandfire:dragon_skull_fire":3,"iceandfire:stymphalian_bird_feather":6,"sophisticatedbackpacks:iron_backpack":3,"minecraft:dark_oak_log":1,"minecraft:bundle":2,"minecraft:iron_hoe":1,"minecraft:deepslate":1,"minecraft:granite":1,"born_in_chaos_v1:rotten_fish":2,"luminousworld:groundpebbles_1":4,"iceandfire:raw_silver":2,"minecraft:diamond_pickaxe":1,"minecraft:crafting_table":4,"minecraft:leather_leggings":1,"ecologics:seashell":1,"minecraft:white_carpet":4,"iceandfire:graveyard_soil":2,"minecraft:beef":31,"minecraft:iron_nugget":67,"minecraft:birch_sapling":1,"minecraft:diamond_hoe":1,"minecraft:sandstone":30,"minecraft:fire_charge":5,"minecraft:carrot":18,"minecraft:redstone":2,"minecraft:decorated_pot":4,"minecraft:hay_block":94,"minecraft:yellow_terracotta":1,"born_in_chaos_v1:spiny_shell":4,"minecraft:totem_of_undying":1,"minecraft:gold_ingot":5,"minecraft:mutton":6,"minecraft:white_wool":51,"minecraft:rail":9,"minecraft:bone_block":1,"born_in_chaos_v1:monster_flesh":1,"luminousworld:ishstone":12,"minecraft:oak_log":93,"stalwart_dungeons:diamond_hammer":1,"minecraft:paper":6,"tombstone:gift":2,"minecraft:apple":1,"minecraft:stone_bricks":13,"minecraft:kelp":2,"earthmobsmod:fancy_feather":1,"minecraft:stone_pickaxe":1,"tombstone:bag_of_seeds":1,"minecraft:glass_bottle":2,"minecraft:iron_sword":3,"iceandfire:copper_nugget":49,"minecraft:dark_oak_slab":2,"born_in_chaos_v1:ethereal_spirit":1,"minecraft:gravel":26,"minecraft:weathered_copper":5,"minecraft:slime_ball":3,"minecraft:birch_sign":31,"minecraft:ender_pearl":2,"minecraft:wheat":1,"minecraft:stone_brick_stairs":1,"born_in_chaos_v1:black_argillite":2,"aether:diamond_gloves":1,"minecraft:armor_stand":3,"minecraft:iron_leggings":1,"minecraft:comparator":1,"earthmobsmod:duck_egg":1,"minecraft:light_weighted_pressure_plate":1,"minecraft:iron_pickaxe":1,"minecraft:furnace":2,"minecraft:iron_boots":1,"minecraft:stick":6,"minecraft:jungle_door":2,"ecologics:walnut_log":4,"minecraft:oak_fence":1,"minecraft:torch":5,"minecraft:spruce_stairs":1,"minecraft:porkchop":6,"minecraft:diorite":19,"iceandfire:rotten_egg":1,"minecraft:pointed_dripstone":5,"tombstone:grave_dust":15,"minecraft:rotten_flesh":36,"supplementaries:antique_ink":3,"minecraft:obsidian":5,"minecraft:cobblestone":117,"luminousworld:savannah_ground":1,"minecraft:leather_chestplate":1,"minecraft:andesite":1,"minecraft:orange_carpet":1,"minecraft:golden_leggings":1,"minecraft:tuff":5,"artifacts:flame_pendant":1,"minecraft:lapis_lazuli":3,"minecraft:dirt":23,"minecraft:leather_boots":1,"minecraft:bone":47,"minecraft:bow":3,"minecraft:wheat_seeds":14,"minecraft:mossy_stone_bricks":2,"minecraft:oak_planks":26,"minecraft:cooked_porkchop":1,"minecraft:jungle_planks":16,"minecraft:sand":56,"minecraft:light_gray_concrete":6,"minecraft:diamond":21,"minecraft:grass":5,"minecraft:emerald":35,"iceandfire:silver_nugget":33,"luminousworld:bao_bob_log":30,"minecraft:netherrack":1,"minecraft:oak_leaves":1,"quark:crimson_chest":1,"artifacts:night_vision_goggles":1,"minecraft:splash_potion":1,"minecraft:chicken":2,"born_in_chaos_v1:river_mint":1,"minecraft:wooden_pickaxe":1,"minecraft:stone_brick_wall":4,"luminousworld:bao_bob_wood":1,"minecraft:iron_axe":2,"minecraft:item_frame":7,"minecraft:birch_fence":1,"minecraft:oak_boat":1,"minecraft:player_head":1,"minecraft:sugar_cane":14,"minecraft:raw_iron":4,"iceandfire:dragonbone":28,"minecraft:copper_ingot":28,"iceandfire:myrmex_resin_desert":1,"minecraft:stone_button":4,"minecraft:cookie":15,"minecraft:dark_oak_planks":3,"luminousworld:baobab_plank":5,"minecraft:arrow":36,"minecraft:pumpkin_pie":1,"minecraft:glistering_melon_slice":12,"minecraft:skeleton_skull":1,"born_in_chaos_v1:fused_bone":2,"born_in_chaos_v1:corpse_maggot":2,"minecraft:air":0,"minecraft:leather":23,"minecraft:birch_planks":5,"minecraft:gunpowder":18,"iceandfire:stymphalian_skull":1,"minecraft:orange_terracotta":2,"minecraft:gray_carpet":1,"minecraft:rabbit_hide":5,"minecraft:iron_ingot":16,"minecraft:book":44,"minecraft:scaffolding":16,"minecraft:oak_slab":4,"minecraft:emerald_block":1,"minecraft:birch_boat":1,"minecraft:chiseled_stone_bricks":4,"minecraft:dandelion":3,"born_in_chaos_v1:dark_rod":1,"minecraft:white_bed":32,"minecraft:spider_eye":3,"luminousworld:whiteoaklog":7,"minecraft:iron_helmet":3,"tombstone:magic_scroll":1,"minecraft:damaged_anvil":1,"minecraft:coal":6,"minecraft:sunflower":10},"minecraft:used":{"minecraft:weathered_copper":12,"minecraft:snowball":1,"minecraft:lava_bucket":3,"minecraft:birch_sapling":1,"minecraft:stone_brick_stairs":1,"minecraft:bow":24,"minecraft:furnace":4,"minecraft:diorite":14,"minecraft:damaged_anvil":1,"minecraft:wooden_pickaxe":11,"minecraft:golden_apple":1,"minecraft:glow_berries":14,"luminousworld:baobab_plank":91,"illagerinvasion:lost_candle":10,"quark:tiny_potato":1,"minecraft:diamond_sword":17,"minecraft:fire_charge":5,"minecraft:smithing_table":1,"minecraft:birch_log":1,"ironchest:wood_to_iron_chest_upgrade":2,"minecraft:enchanting_table":1,"minecraft:netherrack":108,"endrem:lost_eye":1,"minecraft:stick":3,"minecraft:torch":200,"minecraft:golden_shovel":38,"stalwart_dungeons:diamond_hammer":1016,"minecraft:diamond_chestplate":1,"minecraft:oxidized_copper":5,"stalwart_dungeons:teleporter_pearl":2,"tombstone:gift":3,"torchmaster:megatorch":1,"minecraft:cobbled_deepslate":8,"minecraft:golden_axe":32,"sophisticatedbackpacks:gold_backpack":2,"minecraft:water_bucket":1,"tombstone:scroll_of_reach":2,"minecraft:birch_planks":20,"ironchest:gold_to_diamond_chest_upgrade":1,"minecraft:polished_blackstone_bricks":6,"minecraft:crafting_table":14,"minecraft:white_bed":37,"minecraft:diamond_pickaxe":127,"minecraft:iron_pickaxe":263,"tombstone:magic_scroll":2,"minecraft:cobblestone":210,"vanillaplustools:iron_hammer":130,"minecraft:cooked_porkchop":1,"quark:oak_chest":4,"alexscaves:nuclear_bomb":1,"minecraft:dandelion":1,"minecraft:diamond_leggings":1,"minecraft:bone_block":1,"minecraft:diamond_hoe":62,"minecraft:shield":53,"minecraft:iron_sword":599,"luminousworld:savannah_ground":1,"minecraft:player_head":1,"minecraft:jungle_planks":177,"minecraft:obsidian":4,"vanillaplustools:iron_shovel":10,"minecraft:iron_helmet":1,"minecraft:diamond_boots":1,"minecraft:gray_carpet":1,"minecraft:stone_pickaxe":77,"minecraft:oak_planks":40,"minecraft:ender_pearl":3,"minecraft:sandstone":36,"minecraft:diamond_axe":158,"ironchest:copper_chest":1,"iceandfire:silver_axe":235,"minecraft:stone_brick_wall":4,"minecraft:shears":39,"minecraft:light_gray_concrete":3,"minecraft:bread":367,"tombstone:grave_key":42,"ironchest:iron_to_gold_chest_upgrade":1,"minecraft:golden_helmet":1,"iceandfire:dragon_skull_fire":2,"minecraft:grindstone":1,"quark:jungle_chest":1,"born_in_chaos_v1:black_argillite":17,"minecraft:dirt":9,"minecraft:hopper":1,"minecraft:wooden_axe":45,"minecraft:dark_oak_planks":1,"minecraft:bookshelf":15,"minecraft:iron_boots":1,"minecraft:cooked_beef":3,"minecraft:birch_boat":1,"ironchest:wood_to_copper_chest_upgrade":2,"supplementaries:slingshot":3,"minecraft:jungle_wood":1,"minecraft:golden_leggings":1,"minecraft:stone_axe":109,"minecraft:bucket":5,"minecraft:splash_potion":1},"minecraft:killed":{"illagerinvasion:archivist":5,"earthmobsmod:duck":1,"minecraft:cave_spider":9,"earthmobsmod:jumbo_rabbit":2,"iceandfire:stymphalian_bird":1,"born_in_chaos_v1:siamese_skeletonsright":1,"illagerinvasion:basher":3,"undead_revamp2:theswarmer":1,"minecraft:skeleton":36,"alexsmobs:capuchin_monkey":1,"born_in_chaos_v1:skeleton_thrasher":1,"alexsmobs:straddler":3,"enemyexpansion:vampflyer":1,"minecraft:magma_cube":1,"naturalist:snake":1,"stalwart_dungeons:giddy_blaze":9,"undead_revamp2:theheavy":1,"luminousworld:crab":3,"minecraft:zombie":19,"enemyexpansion:vampire":1,"enemyexpansion:botfly":10,"alexsmobs:roadrunner":1,"born_in_chaos_v1:door_knight":1,"minecraft:cow":14,"illagerinvasion:firecaller":1,"minecraft:vindicator":13,"illagerinvasion:marauder":6,"quark:toretoise":1,"born_in_chaos_v1:thornshell_crab":1,"born_in_chaos_v1:firelight":1,"stalwart_dungeons:nether_wart_cocoon":4,"earthmobsmod:albino_cow":2,"naturalist:vulture":1,"minecraft:husk":26,"earthmobsmod:bouldering_zombie":6,"undead_revamp2:the_moonflower":3,"endermanoverhaul:warped_forest_enderman":1,"enemyexpansion:sprinter":1,"born_in_chaos_v1:decrepit_skeleton":1,"undead_revamp2:thesomnolence":8,"endermanoverhaul:cave_enderman":4,"iceandfire:ghost":5,"born_in_chaos_v1:dark_vortex":1,"minecraft:spider":1,"undead_revamp2:thesmoker":1,"naturalist:snail":1,"illagerinvasion:provoker":11,"minecraft:silverfish":8,"minecraft:piglin_brute":8,"minecraft:piglin":12,"minecraft:pig":4,"minecraft:zombie_villager":4,"born_in_chaos_v1:diamond_termite":7,"minecraft:creeper":1,"alexsmobs:crimson_mosquito":4,"minecraft:sheep":5,"luminousworld:savannah_skeleton":1,"born_in_chaos_v1:dread_hound":1,"undead_revamp2:theskeeper":1,"minecraft:blaze":6,"born_in_chaos_v1:siamese_skeletonsleft":1,"alexsmobs:dropbear":1,"minecraft:vex":1,"born_in_chaos_v1:missioner":1,"enemyexpansion:intruder":1,"minecraft:slime":1,"enemyexpansion:direwolf":4,"alexsmobs:rattlesnake":2,"born_in_chaos_v1:maggot":10,"minecraft:phantom":1,"alexsmobs:blue_jay":1,"earthmobsmod:fancy_chicken":1,"born_in_chaos_v1:corpse_fish":1,"luminousworld:savannah_zombie":1,"alexsmobs:flying_fish":1,"born_in_chaos_v1:baby_skeleton":4,"stalwart_dungeons:reinforced_blaze":5,"born_in_chaos_v1:spirit_guide_assistant":1,"enemyexpansion:huntsman":2,"minecraft:wither_skeleton":25,"enemyexpansion:slugger":1},"minecraft:dropped":{"sophisticatedbackpacks:iron_backpack":1,"minecraft:iron_sword":2,"iceandfire:raw_silver":2,"minecraft:porkchop":5,"minecraft:glass_bottle":2,"minecraft:cooked_porkchop":1,"minecraft:dark_oak_slab":2,"minecraft:cookie":10,"minecraft:saddle":1,"minecraft:rail":4,"minecraft:item_frame":7,"born_in_chaos_v1:monster_flesh":1,"minecraft:dirt":14,"minecraft:grass":5,"minecraft:birch_fence":1,"minecraft:stone_button":3,"minecraft:gold_nugget":42,"minecraft:iron_pickaxe":3,"minecraft:stone_axe":1,"minecraft:sugar_cane":2,"minecraft:iron_nugget":15,"aether:golden_gloves":1,"minecraft:wheat":2,"tombstone:gift":6,"minecraft:rotten_flesh":38,"minecraft:white_bed":1,"minecraft:rabbit_foot":70,"minecraft:tipped_arrow":2,"luminousworld:baobab_plank":3,"minecraft:leather_boots":1,"minecraft:leather_leggings":1,"luminousworld:whiteoaklog":1,"minecraft:iron_ingot":1,"minecraft:enchanted_book":2,"minecraft:wheat_seeds":10,"minecraft:copper_block":1,"luminousworld:ishstone":12,"minecraft:feather":7,"minecraft:iron_helmet":2,"minecraft:yellow_terracotta":1,"minecraft:cobblestone":11,"minecraft:apple":1,"minecraft:coal":1,"minecraft:diamond_horse_armor":1,"minecraft:gray_wool":6,"born_in_chaos_v1:black_argillite":1,"iceandfire:copper_nugget":12,"minecraft:wooden_axe":3,"minecraft:rabbit":1,"minecraft:iron_shovel":1,"minecraft:paper":11,"minecraft:string":10,"iceandfire:silver_nugget":6,"minecraft:deepslate":1,"born_in_chaos_v1:rotten_fish":2,"minecraft:chicken":2,"minecraft:white_carpet":4,"minecraft:iron_boots":1,"iceandfire:troll_tusk":1,"minecraft:light_gray_concrete":3,"minecraft:white_terracotta":2,"supplementaries:quiver":1,"minecraft:bundle":1,"minecraft:diamond_pickaxe":1,"minecraft:stone_bricks":13,"minecraft:spider_eye":1,"minecraft:brown_carpet":2,"minecraft:bow":1,"ecologics:seashell":1,"minecraft:birch_planks":2,"minecraft:decorated_pot":4,"minecraft:lantern":3,"supplementaries:slingshot":1,"minecraft:jungle_planks":1,"iceandfire:graveyard_soil":2,"minecraft:flint":1,"ecologics:walnut_planks":9,"tombstone:bag_of_seeds":1,"minecraft:orange_carpet":1,"minecraft:pumpkin_pie":1,"stalwart_dungeons:teleporter_pearl":1,"minecraft:armor_stand":3,"minecraft:gravel":26,"born_in_chaos_v1:ethereal_spirit":1,"minecraft:pointed_dripstone":1,"iceandfire:myrmex_resin_desert":1,"minecraft:chiseled_stone_bricks":4,"minecraft:rabbit_hide":2,"minecraft:leather_chestplate":1,"supplementaries:ash":6,"minecraft:skeleton_skull":1,"born_in_chaos_v1:corpse_maggot":2,"minecraft:birch_button":1,"minecraft:arrow":1,"minecraft:oak_leaves":1,"alexscaves:nuclear_bomb":1,"minecraft:purple_carpet":1,"minecraft:bread":1,"minecraft:oak_slab":4,"minecraft:golden_helmet":1,"minecraft:spruce_stairs":1,"minecraft:stick":10,"born_in_chaos_v1:river_mint":1,"minecraft:diorite":1,"minecraft:jungle_door":2,"minecraft:fire_charge":3,"tombstone:grave_dust":6,"minecraft:iron_leggings":3,"minecraft:iron_axe":1,"earthmobsmod:duck_egg":1,"iceandfire:dragonbone":1,"minecraft:kelp":2,"minecraft:tuff":5,"minecraft:comparator":1,"minecraft:iron_hoe":1,"artifacts:flame_pendant":2,"minecraft:filled_map":1,"iceandfire:rotten_egg":2,"aether:diamond_gloves":1,"minecraft:orange_terracotta":2,"minecraft:iron_chestplate":2,"luminousworld:groundpebbles_1":4,"minecraft:andesite":1,"minecraft:mossy_stone_bricks":2,"earthmobsmod:fancy_feather":1,"minecraft:golden_leggings":1,"minecraft:oak_boat":1,"minecraft:birch_sign":31,"minecraft:slime_ball":2,"minecraft:stone_pickaxe":1,"minecraft:wooden_pickaxe":2},"minecraft:killed_by":{"undead_revamp2:the_moonflower":2,"minecraft:piglin_brute":3,"minecraft:pillager":2,"enemyexpansion:slugger":1,"enemyexpansion:huntsman":1,"minecraft:vindicator":7,"alexsmobs:komodo_dragon":1,"enemyexpansion:invisicreeper":2,"minecraft:vex":2,"minecraft:husk":9,"illagerinvasion:firecaller":1,"stalwart_dungeons:giddy_blaze":1,"enemyexpansion:direwolf":2,"iceandfire:ghost":4,"minecraft:evoker":1,"minecraft:wither_skeleton":3,"alexsmobs:capuchin_monkey":1,"minecraft:drowned":1,"iceandfire:sea_serpent":1,"minecraft:piglin":1,"minecraft:cave_spider":4,"stalwart_dungeons:reinforced_blaze":1,"iceandfire:fire_dragon":4,"iceandfire:deathworm":1,"illagerinvasion:provoker":1},"minecraft:mined":{"minecraft:dark_oak_planks":20,"minecraft:white_bed":31,"iceandfire:myrmex_resin_desert":2,"iceandfire:copper_pile":6,"minecraft:jungle_leaves":8,"minecraft:red_nether_bricks":1,"minecraft:obsidian":19,"minecraft:stone_brick_wall":4,"minecraft:jungle_log":53,"minecraft:coal_block":3,"ironchest:copper_chest":1,"minecraft:chiseled_stone_bricks":4,"ecologics:prickly_pear":1,"minecraft:spawner":10,"minecraft:polished_blackstone_bricks":15,"minecraft:tall_seagrass":3,"minecraft:fire":1,"iceandfire:gold_pile":9,"illagerinvasion:magic_fire":9,"minecraft:light_gray_concrete":6,"minecraft:iron_block":1,"minecraft:tripwire":2,"quark:nether_brick_chest":1,"minecraft:crimson_nylium":1,"minecraft:amethyst_cluster":1,"born_in_chaos_v1:infected_deepslate_diamond_ore":4,"minecraft:dead_bush":1,"minecraft:nether_brick_slab":2,"quark:blossom_log":2,"minecraft:smooth_quartz_slab":1,"minecraft:sugar_cane":7,"minecraft:damaged_anvil":1,"minecraft:amethyst_block":3,"minecraft:skeleton_skull":1,"minecraft:white_terracotta":2,"minecraft:jungle_wood":7,"ecologics:seashell":1,"minecraft:copper_block":17,"minecraft:stone_brick_stairs":1,"minecraft:grass":44,"minecraft:smooth_quartz":1,"luminousworld:grassvariant_3":4,"minecraft:smooth_basalt":1,"minecraft:deepslate":683,"luminousworld:savannah_ground":1,"minecraft:yellow_terracotta":1,"minecraft:light_blue_stained_glass_pane":2,"iceandfire:silver_ore":3,"minecraft:mossy_cobblestone":4,"minecraft:dark_oak_log":1,"minecraft:nether_bricks":1,"minecraft:jungle_planks":15,"born_in_chaos_v1:black_argillite":21,"minecraft:redstone_wire":1,"luminousworld:grassvariant_2":4,"minecraft:kelp":1,"minecraft:redstone_ore":7,"minecraft:andesite":5,"minecraft:vine":18,"minecraft:bone_block":1,"minecraft:white_wool":58,"minecraft:oak_slab":2,"luminousworld:savannah_soil":1,"minecraft:glass_pane":24,"minecraft:comparator":1,"minecraft:brown_carpet":3,"minecraft:stone_brick_slab":1,"minecraft:dandelion":1,"minecraft:emerald_ore":9,"minecraft:cyan_concrete_powder":1,"ecologics:walnut_leaves":1,"minecraft:tall_grass":9,"minecraft:deepslate_gold_ore":10,"minecraft:diorite":15,"minecraft:orange_carpet":3,"minecraft:warped_wart_block":2,"luminousworld:whiteoaklog":7,"minecraft:coarse_dirt":10,"minecraft:white_carpet":4,"minecraft:birch_leaves":2,"iceandfire:silver_pile":9,"luminousworld:ishstone":33,"minecraft:gravel":12,"minecraft:cobweb":39,"quark:crimson_chest":1,"minecraft:stone_bricks":13,"minecraft:fern":2,"iceandfire:graveyard_soil":10,"luminousworld:bao_bob_wood":1,"minecraft:grass_block":18,"minecraft:soul_soil":2,"luminousworld:baobab_plank":5,"minecraft:iron_ore":13,"minecraft:anvil":1,"minecraft:pointed_dripstone":1,"minecraft:purple_carpet":1,"ecologics:walnut_log":4,"minecraft:deepslate_redstone_ore":4,"minecraft:jungle_door":1,"ecologics:pot":14,"minecraft:blackstone":6,"minecraft:orange_terracotta":2,"minecraft:calcite":3,"minecraft:cobblestone":45,"minecraft:oak_planks":26,"minecraft:wall_torch":3,"minecraft:deepslate_copper_ore":6,"minecraft:warped_nylium":18,"minecraft:dark_oak_slab":1,"minecraft:birch_log":15,"luminousworld:bao_bob_log":30,"minecraft:oak_log":92,"minecraft:sand":35,"minecraft:dirt":54,"minecraft:netherrack":131,"minecraft:oak_leaves":25,"minecraft:emerald_block":1,"luminousworld:groundpebbles_1":2,"minecraft:diamond_ore":21,"minecraft:tuff":17,"minecraft:dark_oak_leaves":3,"minecraft:deepslate_diamond_ore":1,"born_in_chaos_v1:infected_diamond_ore":1,"minecraft:decorated_pot":6,"minecraft:sandstone":31,"minecraft:hay_block":96,"minecraft:carrots":5,"minecraft:furnace":2,"luminousworld:yellow_grassflowers":1,"minecraft:polished_basalt":2,"minecraft:nether_sprouts":2,"minecraft:gold_block":16,"minecraft:bookshelf":14,"minecraft:deepslate_iron_ore":8,"minecraft:stone":558,"minecraft:acacia_leaves":4,"minecraft:basalt":1,"minecraft:oak_fence":1,"minecraft:crafting_table":4,"luminousworld:savannah_grass_1":3,"minecraft:blackstone_slab":3,"minecraft:lapis_ore":7,"supplementaries:urn":32,"minecraft:spruce_stairs":1,"minecraft:birch_planks":5,"minecraft:cactus":1,"minecraft:coal_ore":3,"minecraft:gray_carpet":1,"minecraft:mossy_stone_bricks":2},"minecraft:crafted":{"minecraft:smooth_stone":4,"minecraft:birch_boat":1,"ecologics:walnut_planks":16,"sophisticatedbackpacks:magnet_upgrade":1,"sophisticatedbackpacks:crafting_upgrade":1,"minecraft:bookshelf":9,"minecraft:glass":6,"torchmaster:megatorch":1,"iceandfire:silver_axe":1,"minecraft:diamond_axe":1,"minecraft:smithing_table":1,"minecraft:copper_ingot":4,"minecraft:sticky_piston":1,"minecraft:stone_slab":6,"quark:oak_chest":6,"minecraft:iron_pickaxe":2,"minecraft:iron_block":8,"minecraft:gold_ingot":7,"minecraft:sandstone":6,"minecraft:netherite_ingot":1,"sophisticatedbackpacks:netherite_backpack":1,"minecraft:golden_carrot":1,"hangglider:glider_framework":1,"sophisticatedbackpacks:stack_upgrade_tier_1":2,"quark:jungle_chest":2,"stalwart_dungeons:diamond_hammer":1,"ironchest:gold_to_diamond_chest_upgrade":1,"hangglider:glider_wing":2,"minecraft:diamond":9,"minecraft:stone_pickaxe":1,"minecraft:wheat":217,"ironchest:wood_to_iron_chest_upgrade":2,"minecraft:enchanting_table":1,"sophisticatedbackpacks:gold_backpack":1,"ironchest:iron_to_gold_chest_upgrade":1,"minecraft:wooden_axe":1,"minecraft:iron_shovel":9,"minecraft:white_bed":7,"minecraft:grindstone":1,"minecraft:oak_planks":32,"hangglider:hang_glider":1,"minecraft:stone":9,"minecraft:hopper":1,"tombstone:grave_key":1,"ironchest:wood_to_copper_chest_upgrade":2,"sophisticatedbackpacks:backpack":1,"quark:blossom_planks":8,"minecraft:crafting_table":9,"minecraft:wooden_pickaxe":1,"minecraft:gold_block":2,"sophisticatedbackpacks:feeding_upgrade":1,"minecraft:birch_planks":44,"sophisticatedbackpacks:upgrade_base":5,"minecraft:string":8,"minecraft:diamond_pickaxe":1,"minecraft:shield":2,"sophisticatedbackpacks:diamond_backpack":1,"minecraft:stick":64,"minecraft:iron_ingot":11,"minecraft:shears":1,"vanillaplustools:iron_shovel":1,"minecraft:furnace":1,"minecraft:piston":1,"sophisticatedbackpacks:stack_upgrade_starter_tier":2,"sophisticatedbackpacks:stack_upgrade_tier_2":1,"minecraft:netherite_scrap":7,"sophisticatedbackpacks:iron_backpack":1,"minecraft:cooked_beef":24,"minecraft:diamond_sword":1,"iceandfire:silver_ingot":3,"minecraft:iron_sword":1,"minecraft:stone_axe":1,"minecraft:bread":72,"minecraft:air":0,"minecraft:jungle_planks":216,"sophisticatedbackpacks:pickup_upgrade":1,"minecraft:white_wool":6,"minecraft:torch":114,"luminousworld:baobab_plank":68},"minecraft:broken":{"minecraft:diamond_helmet":1,"minecraft:iron_boots":1,"minecraft:chainmail_boots":1,"minecraft:iron_sword":2,"minecraft:diamond_leggings":1,"minecraft:shield":1,"minecraft:iron_pickaxe":1,"minecraft:iron_helmet":2,"minecraft:golden_helmet":1,"minecraft:golden_leggings":1,"minecraft:diamond_boots":1,"minecraft:diamond_chestplate":1,"minecraft:golden_axe":1}},"DataVersion":3465}