{"stats":{"minecraft:picked_up":{"minecraft:birch_log":2},"minecraft:used":{"minecraft:birch_log":1},"minecraft:crafted":{"minecraft:birch_planks":4},"minecraft:killed_by":{"minecraft:drowned":1},"minecraft:custom":{"minecraft:jump":26,"minecraft:deaths":1,"minecraft:walk_on_water_one_cm":1231,"minecraft:crouch_one_cm":274,"minecraft:leave_game":2,"minecraft:play_time":3510,"minecraft:sprint_one_cm":3585,"minecraft:damage_taken":235,"minecraft:time_since_death":0,"minecraft:walk_one_cm":6118,"minecraft:sneak_time":217,"minecraft:total_world_time":3510,"minecraft:walk_under_water_one_cm":3399,"minecraft:swim_one_cm":38,"minecraft:fall_one_cm":544,"minecraft:fly_one_cm":5741,"minecraft:time_since_rest":131},"minecraft:mined":{"minecraft:birch_log":2}},"DataVersion":3465}