{"stats":{"minecraft:killed":{"illagerinvasion:archivist":1,"earthmobsmod:jumbo_rabbit":2,"minecraft:vindicator":3,"illagerinvasion:basher":1,"naturalist:snail":1,"alexsmobs:blue_jay":1,"earthmobsmod:fancy_chicken":1,"illagerinvasion:provoker":2,"minecraft:pig":3,"minecraft:zombie_villager":1,"naturalist:snake":1,"minecraft:sheep":4,"undead_revamp2:thesomnolence":1,"iceandfire:ghost":1,"minecraft:cow":14},"minecraft:killed_by":{"undead_revamp2:the_moonflower":1,"minecraft:pillager":1,"minecraft:drowned":1,"enemyexpansion:direwolf":1,"iceandfire:ghost":1},"minecraft:mined":{"luminousworld:groundpebbles_1":2,"minecraft:white_bed":7,"iceandfire:graveyard_soil":10,"minecraft:mossy_cobblestone":4,"iceandfire:copper_pile":6,"luminousworld:bao_bob_wood":1,"minecraft:grass_block":5,"minecraft:stone_brick_wall":4,"minecraft:redstone_wire":1,"luminousworld:grassvariant_2":4,"minecraft:coal_block":3,"luminousworld:baobab_plank":5,"minecraft:chiseled_stone_bricks":2,"minecraft:hay_block":34,"minecraft:tall_seagrass":2,"minecraft:furnace":2,"luminousworld:yellow_grassflowers":1,"minecraft:anvil":1,"minecraft:bookshelf":14,"minecraft:vine":2,"iceandfire:gold_pile":9,"ecologics:walnut_log":4,"minecraft:stone":20,"minecraft:white_wool":12,"minecraft:oak_slab":2,"minecraft:acacia_leaves":4,"minecraft:glass_pane":13,"minecraft:comparator":1,"minecraft:dandelion":1,"minecraft:oak_fence":1,"minecraft:crafting_table":4,"luminousworld:savannah_grass_1":3,"ecologics:walnut_leaves":1,"quark:blossom_log":2,"minecraft:tall_grass":3,"minecraft:cobblestone":5,"minecraft:sugar_cane":6,"minecraft:oak_planks":26,"minecraft:wall_torch":2,"minecraft:skeleton_skull":1,"luminousworld:whiteoaklog":1,"minecraft:birch_planks":1,"minecraft:coarse_dirt":10,"ecologics:seashell":1,"minecraft:birch_log":14,"minecraft:white_carpet":4,"minecraft:birch_leaves":2,"luminousworld:bao_bob_log":30,"minecraft:grass":26,"iceandfire:silver_pile":9,"minecraft:oak_log":6,"minecraft:coal_ore":1,"minecraft:dirt":30,"minecraft:gray_carpet":1,"luminousworld:grassvariant_3":4,"quark:crimson_chest":1,"minecraft:stone_bricks":2,"minecraft:oak_leaves":1},"minecraft:used":{"minecraft:shield":1,"minecraft:stick":1,"minecraft:torch":1,"minecraft:dirt":4,"minecraft:golden_shovel":38,"minecraft:wooden_axe":45,"minecraft:birch_sapling":1,"tombstone:gift":2,"minecraft:cooked_beef":3,"minecraft:golden_axe":6,"minecraft:birch_planks":1,"minecraft:gray_carpet":1,"minecraft:stone_pickaxe":77,"minecraft:oak_planks":40,"minecraft:wooden_pickaxe":11,"luminousworld:baobab_plank":27,"minecraft:crafting_table":7,"minecraft:white_bed":8,"iceandfire:silver_axe":126,"minecraft:stone_brick_wall":4,"minecraft:bread":26,"minecraft:golden_leggings":1,"minecraft:golden_helmet":1,"minecraft:stone_axe":109,"minecraft:fire_charge":1,"minecraft:birch_log":1,"minecraft:dandelion":1},"minecraft:crafted":{"hangglider:glider_framework":1,"minecraft:oak_planks":32,"hangglider:hang_glider":1,"hangglider:glider_wing":2,"minecraft:stone_pickaxe":1,"minecraft:wheat":135,"iceandfire:silver_axe":1,"sophisticatedbackpacks:backpack":1,"iceandfire:silver_ingot":3,"minecraft:crafting_table":3,"minecraft:wooden_pickaxe":1,"minecraft:copper_ingot":4,"minecraft:birch_planks":24,"minecraft:stone_axe":1,"minecraft:bread":44,"minecraft:string":8,"minecraft:shield":1,"minecraft:stick":24,"quark:oak_chest":1,"minecraft:iron_ingot":1,"minecraft:wooden_axe":1,"minecraft:white_bed":1,"luminousworld:baobab_plank":68},"minecraft:custom":{"minecraft:mob_kills":37,"minecraft:interact_with_anvil":1,"minecraft:animals_bred":1,"minecraft:inspect_hopper":1,"minecraft:interact_with_crafting_table":14,"minecraft:interact_with_campfire":4,"minecraft:leave_game":3,"minecraft:time_since_death":33818,"minecraft:climb_one_cm":1129,"minecraft:sprint_one_cm":364911,"minecraft:walk_one_cm":353080,"minecraft:damage_blocked_by_shield":105,"minecraft:drop":42,"minecraft:talked_to_villager":3,"minecraft:play_time":153237,"minecraft:deaths":7,"minecraft:sneak_time":3185,"minecraft:walk_under_water_one_cm":24132,"minecraft:jump":2294,"minecraft:walk_on_water_one_cm":23611,"minecraft:total_world_time":153237,"tombstone:raider_killed":7,"minecraft:sleep_in_bed":11,"minecraft:time_since_rest":6251,"minecraft:damage_taken":2905,"minecraft:trigger_trapped_chest":1,"minecraft:damage_dealt":4979,"minecraft:swim_one_cm":51885,"minecraft:fly_one_cm":437834,"minecraft:open_chest":23,"minecraft:crouch_one_cm":5335,"tombstone:undead_killed":2,"minecraft:fall_one_cm":48228},"minecraft:picked_up":{"minecraft:wooden_axe":2,"luminousworld:groundpebbles_1":4,"minecraft:crafting_table":4,"minecraft:chicken":1,"minecraft:anvil":1,"ecologics:seashell":1,"minecraft:stone_brick_wall":4,"luminousworld:bao_bob_wood":1,"minecraft:golden_shovel":1,"aether:diamond_gloves":1,"minecraft:armor_stand":1,"minecraft:white_carpet":4,"iceandfire:graveyard_soil":2,"minecraft:gold_nugget":54,"minecraft:comparator":1,"minecraft:beef":27,"minecraft:iron_nugget":24,"minecraft:sugar_cane":10,"minecraft:coal_block":3,"minecraft:birch_sapling":1,"minecraft:furnace":2,"minecraft:golden_helmet":1,"ecologics:walnut_log":4,"minecraft:torch":3,"quark:blossom_log":2,"minecraft:fire_charge":1,"minecraft:porkchop":4,"minecraft:golden_axe":1,"iceandfire:rotten_egg":1,"minecraft:stone_button":3,"minecraft:rabbit_foot":2,"luminousworld:baobab_plank":5,"minecraft:arrow":1,"minecraft:rotten_flesh":4,"minecraft:hay_block":34,"minecraft:gold_ingot":3,"minecraft:glistering_melon_slice":12,"minecraft:mutton":6,"minecraft:cobblestone":24,"minecraft:white_wool":13,"minecraft:birch_log":14,"minecraft:feather":2,"minecraft:cooked_beef":3,"minecraft:leather":21,"minecraft:birch_planks":1,"minecraft:flint":1,"minecraft:oak_log":8,"minecraft:lapis_lazuli":1,"minecraft:dirt":9,"minecraft:paper":1,"minecraft:lantern":5,"minecraft:gray_carpet":1,"minecraft:stone_bricks":1,"minecraft:wheat_seeds":8,"minecraft:rabbit_hide":5,"minecraft:iron_ingot":6,"earthmobsmod:fancy_feather":1,"minecraft:rabbit":1,"minecraft:oak_planks":26,"minecraft:book":42,"minecraft:oak_slab":4,"iceandfire:copper_nugget":48,"minecraft:cooked_porkchop":1,"minecraft:chiseled_stone_bricks":2,"minecraft:dandelion":1,"minecraft:white_bed":7,"luminousworld:whiteoaklog":1,"minecraft:emerald":3,"luminousworld:bao_bob_log":30,"minecraft:coal":1,"iceandfire:silver_nugget":33,"quark:crimson_chest":1},"minecraft:dropped":{"minecraft:oak_slab":4,"minecraft:birch_planks":2,"minecraft:wheat_seeds":8,"minecraft:feather":2,"minecraft:cobblestone":2,"minecraft:coal":1,"iceandfire:graveyard_soil":2,"minecraft:flint":1,"iceandfire:copper_nugget":12,"minecraft:stone_button":3,"minecraft:wooden_axe":3,"minecraft:rabbit":1,"tombstone:grave_dust":1,"minecraft:paper":1,"iceandfire:silver_nugget":6,"minecraft:stone_axe":1,"minecraft:iron_nugget":9,"minecraft:wheat":1,"minecraft:chicken":1,"minecraft:white_carpet":4,"minecraft:rotten_flesh":4,"minecraft:comparator":1,"minecraft:rabbit_hide":1,"iceandfire:rotten_egg":2,"aether:diamond_gloves":1,"luminousworld:groundpebbles_1":4,"earthmobsmod:fancy_feather":1,"ecologics:seashell":1,"luminousworld:whiteoaklog":1}},"DataVersion":3465}