{"stats":{"minecraft:picked_up":{"minecraft:birch_log":2},"minecraft:used":{"minecraft:birch_log":1},"minecraft:crafted":{"minecraft:birch_planks":4},"minecraft:custom":{"minecraft:jump":23,"minecraft:time_since_rest":2686,"minecraft:crouch_one_cm":274,"minecraft:leave_game":1,"minecraft:sprint_one_cm":3412,"minecraft:play_time":2686,"minecraft:damage_taken":10,"minecraft:time_since_death":2686,"minecraft:walk_one_cm":4721,"minecraft:sneak_time":194,"minecraft:total_world_time":2686,"minecraft:fall_one_cm":544,"minecraft:fly_one_cm":5416},"minecraft:mined":{"minecraft:birch_log":2}},"DataVersion":3465}