{"stats":{"minecraft:used":{"minecraft:bone_block":1,"minecraft:shield":14,"minecraft:iron_sword":167,"luminousworld:savannah_ground":1,"minecraft:stick":1,"minecraft:torch":52,"endrem:lost_eye":1,"minecraft:dirt":8,"minecraft:jungle_planks":102,"minecraft:golden_shovel":38,"minecraft:wooden_axe":45,"minecraft:birch_sapling":1,"minecraft:iron_boots":1,"tombstone:gift":3,"minecraft:cooked_beef":3,"minecraft:golden_axe":32,"tombstone:scroll_of_reach":1,"minecraft:birch_planks":16,"minecraft:stone_pickaxe":77,"minecraft:gray_carpet":1,"minecraft:oak_planks":40,"minecraft:sandstone":28,"minecraft:wooden_pickaxe":11,"minecraft:birch_boat":1,"minecraft:jungle_wood":1,"luminousworld:baobab_plank":47,"minecraft:glow_berries":4,"minecraft:crafting_table":13,"minecraft:white_bed":19,"minecraft:stone_brick_wall":4,"iceandfire:silver_axe":208,"quark:tiny_potato":1,"minecraft:bread":76,"minecraft:iron_pickaxe":71,"tombstone:magic_scroll":1,"tombstone:grave_key":7,"minecraft:golden_leggings":1,"minecraft:golden_helmet":1,"minecraft:stone_axe":109,"minecraft:fire_charge":1,"minecraft:cobblestone":11,"minecraft:birch_log":1,"minecraft:dandelion":1},"minecraft:killed":{"illagerinvasion:archivist":2,"earthmobsmod:duck":1,"minecraft:cave_spider":8,"earthmobsmod:jumbo_rabbit":2,"minecraft:vindicator":7,"born_in_chaos_v1:thornshell_crab":1,"enemyexpansion:direwolf":2,"illagerinvasion:basher":2,"naturalist:snail":1,"alexsmobs:blue_jay":1,"alexsmobs:capuchin_monkey":1,"earthmobsmod:fancy_chicken":1,"illagerinvasion:provoker":3,"alexsmobs:flying_fish":1,"naturalist:vulture":1,"minecraft:husk":6,"minecraft:pig":4,"minecraft:zombie_villager":1,"naturalist:snake":1,"luminousworld:crab":3,"minecraft:sheep":4,"undead_revamp2:thesomnolence":1,"iceandfire:ghost":2,"enemyexpansion:huntsman":1,"minecraft:cow":14},"minecraft:mined":{"luminousworld:groundpebbles_1":2,"minecraft:white_bed":17,"iceandfire:graveyard_soil":10,"iceandfire:silver_ore":2,"minecraft:mossy_cobblestone":4,"iceandfire:copper_pile":6,"minecraft:jungle_leaves":8,"minecraft:dark_oak_log":1,"minecraft:stone_brick_wall":4,"luminousworld:bao_bob_wood":1,"minecraft:grass_block":5,"minecraft:jungle_planks":2,"minecraft:jungle_log":53,"minecraft:redstone_wire":1,"luminousworld:grassvariant_2":4,"minecraft:coal_block":3,"luminousworld:baobab_plank":5,"minecraft:sandstone":29,"minecraft:chiseled_stone_bricks":4,"minecraft:spawner":2,"ecologics:prickly_pear":1,"minecraft:hay_block":34,"minecraft:tall_seagrass":3,"minecraft:furnace":2,"luminousworld:yellow_grassflowers":1,"minecraft:iron_ore":2,"minecraft:anvil":1,"minecraft:bookshelf":14,"iceandfire:gold_pile":9,"minecraft:vine":16,"illagerinvasion:magic_fire":9,"ecologics:walnut_log":4,"minecraft:stone":25,"minecraft:bone_block":1,"minecraft:white_wool":21,"luminousworld:savannah_soil":1,"minecraft:oak_slab":2,"minecraft:acacia_leaves":4,"minecraft:glass_pane":18,"ecologics:pot":1,"minecraft:comparator":1,"minecraft:dandelion":1,"minecraft:oak_fence":1,"minecraft:crafting_table":4,"luminousworld:savannah_grass_1":3,"ecologics:walnut_leaves":1,"quark:blossom_log":2,"minecraft:tall_grass":3,"minecraft:cobblestone":21,"minecraft:oak_planks":26,"minecraft:sugar_cane":7,"minecraft:wall_torch":3,"minecraft:skeleton_skull":1,"supplementaries:urn":2,"luminousworld:whiteoaklog":1,"minecraft:cactus":1,"minecraft:birch_planks":1,"minecraft:coarse_dirt":10,"minecraft:jungle_wood":7,"ecologics:seashell":1,"minecraft:birch_log":15,"minecraft:white_carpet":4,"minecraft:birch_leaves":2,"luminousworld:bao_bob_log":30,"minecraft:grass":36,"minecraft:coal_ore":3,"minecraft:oak_log":6,"iceandfire:silver_pile":9,"minecraft:dirt":30,"minecraft:gray_carpet":1,"luminousworld:grassvariant_3":4,"minecraft:cobweb":34,"quark:crimson_chest":1,"minecraft:stone_bricks":2,"minecraft:oak_leaves":7,"minecraft:dark_oak_planks":20,"minecraft:fern":2,"luminousworld:savannah_ground":1},"minecraft:broken":{"minecraft:golden_helmet":1,"minecraft:golden_leggings":1,"minecraft:golden_axe":1},"minecraft:killed_by":{"minecraft:husk":7,"undead_revamp2:the_moonflower":1,"iceandfire:deathworm":1,"minecraft:pillager":1,"alexsmobs:capuchin_monkey":1,"minecraft:drowned":1,"enemyexpansion:huntsman":1,"minecraft:cave_spider":4,"enemyexpansion:direwolf":2,"alexsmobs:komodo_dragon":1,"iceandfire:ghost":2,"iceandfire:fire_dragon":2},"minecraft:picked_up":{"quark:crimson_chest":1,"luminousworld:groundpebbles_1":4,"minecraft:crafting_table":4,"minecraft:chicken":2,"born_in_chaos_v1:river_mint":1,"minecraft:anvil":1,"ecologics:seashell":1,"minecraft:stone_brick_wall":4,"luminousworld:bao_bob_wood":1,"minecraft:golden_shovel":1,"minecraft:string":32,"aether:diamond_gloves":1,"minecraft:armor_stand":2,"minecraft:white_carpet":4,"iceandfire:graveyard_soil":2,"minecraft:gold_nugget":81,"earthmobsmod:duck_egg":1,"minecraft:comparator":1,"minecraft:beef":27,"minecraft:iron_nugget":30,"minecraft:sugar_cane":12,"minecraft:coal_block":3,"minecraft:birch_sapling":1,"minecraft:furnace":2,"minecraft:golden_helmet":1,"minecraft:raw_iron":2,"minecraft:sandstone":28,"ecologics:walnut_log":4,"minecraft:torch":4,"minecraft:porkchop":6,"minecraft:fire_charge":1,"quark:blossom_log":2,"minecraft:golden_axe":1,"iceandfire:rotten_egg":1,"minecraft:stone_button":3,"tombstone:grave_dust":1,"minecraft:dark_oak_planks":3,"minecraft:rabbit_foot":4,"luminousworld:baobab_plank":5,"minecraft:arrow":3,"minecraft:rotten_flesh":6,"minecraft:vex_armor_trim_smithing_template":2,"minecraft:hay_block":34,"minecraft:gold_ingot":3,"born_in_chaos_v1:spiny_shell":4,"minecraft:glistering_melon_slice":12,"supplementaries:ash":2,"minecraft:mutton":6,"minecraft:bone_block":1,"minecraft:white_wool":20,"minecraft:cobblestone":41,"minecraft:birch_log":14,"luminousworld:savannah_ground":1,"minecraft:feather":6,"minecraft:cooked_beef":3,"minecraft:jungle_log":50,"minecraft:leather":21,"minecraft:golden_leggings":1,"minecraft:jungle_wood":5,"minecraft:birch_planks":1,"minecraft:flint":1,"minecraft:oak_log":8,"minecraft:gunpowder":10,"minecraft:lapis_lazuli":1,"minecraft:dirt":14,"minecraft:paper":1,"minecraft:lantern":5,"tombstone:gift":2,"minecraft:gray_carpet":1,"minecraft:stone_bricks":1,"minecraft:wheat_seeds":10,"minecraft:rabbit_hide":5,"minecraft:iron_ingot":6,"earthmobsmod:fancy_feather":1,"minecraft:rabbit":1,"minecraft:oak_planks":26,"minecraft:iron_sword":2,"minecraft:book":43,"minecraft:oak_slab":4,"iceandfire:copper_nugget":48,"endrem:lost_eye":1,"minecraft:cooked_porkchop":1,"minecraft:birch_boat":1,"minecraft:chiseled_stone_bricks":4,"ecologics:prickly_pear":3,"minecraft:dandelion":1,"minecraft:jungle_planks":2,"minecraft:dark_oak_log":1,"minecraft:white_bed":18,"minecraft:spider_eye":2,"luminousworld:whiteoaklog":1,"minecraft:emerald":7,"tombstone:magic_scroll":1,"born_in_chaos_v1:rotten_fish":2,"luminousworld:bao_bob_log":30,"iceandfire:silver_nugget":33,"minecraft:coal":3,"iceandfire:raw_silver":2,"minecraft:wooden_axe":2},"minecraft:dropped":{"minecraft:iron_sword":1,"minecraft:oak_slab":4,"minecraft:birch_planks":2,"minecraft:wheat_seeds":8,"minecraft:golden_helmet":1,"minecraft:cobblestone":4,"minecraft:feather":4,"minecraft:coal":1,"iceandfire:graveyard_soil":2,"minecraft:flint":1,"minecraft:dirt":6,"born_in_chaos_v1:river_mint":1,"minecraft:stone_button":3,"iceandfire:copper_nugget":12,"minecraft:wooden_axe":3,"minecraft:rabbit":1,"tombstone:grave_dust":2,"minecraft:gold_nugget":27,"minecraft:paper":1,"earthmobsmod:duck_egg":1,"minecraft:armor_stand":2,"iceandfire:silver_nugget":6,"minecraft:stone_axe":1,"minecraft:iron_nugget":15,"aether:golden_gloves":1,"minecraft:wheat":1,"tombstone:gift":3,"minecraft:chicken":2,"minecraft:white_carpet":4,"minecraft:rotten_flesh":4,"minecraft:comparator":1,"minecraft:chiseled_stone_bricks":2,"minecraft:rabbit_hide":2,"iceandfire:rotten_egg":2,"aether:diamond_gloves":1,"luminousworld:groundpebbles_1":4,"minecraft:golden_leggings":1,"earthmobsmod:fancy_feather":1,"minecraft:stone_bricks":1,"ecologics:seashell":1,"luminousworld:whiteoaklog":1},"minecraft:custom":{"minecraft:interact_with_anvil":1,"minecraft:mob_kills":72,"minecraft:animals_bred":1,"minecraft:inspect_hopper":1,"minecraft:interact_with_crafting_table":30,"minecraft:open_barrel":26,"minecraft:interact_with_campfire":4,"minecraft:leave_game":6,"minecraft:time_since_death":16419,"minecraft:climb_one_cm":16000,"minecraft:damage_resisted":292,"minecraft:sprint_one_cm":675130,"minecraft:walk_one_cm":665748,"minecraft:damage_blocked_by_shield":915,"minecraft:drop":64,"minecraft:talked_to_villager":3,"minecraft:play_time":311166,"minecraft:sneak_time":6818,"minecraft:deaths":26,"minecraft:walk_under_water_one_cm":42393,"minecraft:boat_one_cm":17820,"minecraft:jump":5419,"minecraft:walk_on_water_one_cm":58930,"minecraft:total_world_time":311166,"minecraft:interact_with_furnace":6,"tombstone:raider_killed":14,"minecraft:sleep_in_bed":23,"minecraft:time_since_rest":16021,"minecraft:damage_taken":10741,"minecraft:trigger_trapped_chest":2,"minecraft:damage_dealt":11807,"tombstone:cast_on_ally":0,"minecraft:swim_one_cm":104107,"minecraft:fly_one_cm":1347318,"minecraft:open_chest":52,"minecraft:crouch_one_cm":12916,"tombstone:undead_killed":10,"minecraft:fall_one_cm":173612},"minecraft:crafted":{"hangglider:glider_framework":1,"minecraft:oak_planks":32,"hangglider:hang_glider":1,"minecraft:birch_boat":1,"ecologics:walnut_planks":16,"quark:jungle_chest":1,"sophisticatedbackpacks:crafting_upgrade":1,"hangglider:glider_wing":2,"tombstone:grave_key":1,"minecraft:stone_pickaxe":1,"sophisticatedbackpacks:iron_backpack":1,"minecraft:wheat":217,"iceandfire:silver_axe":1,"sophisticatedbackpacks:backpack":1,"quark:blossom_planks":8,"iceandfire:silver_ingot":3,"minecraft:crafting_table":8,"minecraft:wooden_pickaxe":1,"minecraft:copper_ingot":4,"sophisticatedbackpacks:gold_backpack":1,"minecraft:birch_planks":44,"minecraft:stone_axe":1,"sophisticatedbackpacks:upgrade_base":1,"minecraft:bread":71,"minecraft:jungle_planks":140,"minecraft:string":8,"minecraft:shield":1,"minecraft:stick":40,"quark:oak_chest":1,"minecraft:iron_ingot":11,"minecraft:wooden_axe":1,"minecraft:gold_ingot":7,"minecraft:white_bed":4,"minecraft:torch":92,"luminousworld:baobab_plank":68}},"DataVersion":3465}