{"stats":{"minecraft:used":{"minecraft:shield":10,"minecraft:iron_sword":94,"luminousworld:savannah_ground":1,"endrem:lost_eye":1,"minecraft:stick":1,"minecraft:torch":52,"minecraft:dirt":8,"minecraft:jungle_planks":46,"minecraft:golden_shovel":38,"minecraft:wooden_axe":45,"minecraft:birch_sapling":1,"tombstone:gift":3,"minecraft:cooked_beef":3,"minecraft:golden_axe":32,"minecraft:birch_planks":11,"minecraft:stone_pickaxe":77,"minecraft:gray_carpet":1,"minecraft:oak_planks":40,"minecraft:birch_boat":1,"minecraft:wooden_pickaxe":11,"minecraft:sandstone":28,"luminousworld:baobab_plank":47,"minecraft:glow_berries":4,"minecraft:crafting_table":12,"minecraft:white_bed":15,"minecraft:stone_brick_wall":4,"iceandfire:silver_axe":129,"quark:tiny_potato":1,"minecraft:bread":59,"minecraft:iron_pickaxe":66,"tombstone:magic_scroll":1,"tombstone:grave_key":5,"minecraft:golden_leggings":1,"minecraft:golden_helmet":1,"minecraft:stone_axe":109,"minecraft:fire_charge":1,"minecraft:cobblestone":11,"minecraft:birch_log":1,"minecraft:dandelion":1},"minecraft:killed":{"illagerinvasion:archivist":1,"earthmobsmod:duck":1,"minecraft:cave_spider":8,"earthmobsmod:jumbo_rabbit":2,"minecraft:vindicator":3,"enemyexpansion:direwolf":2,"illagerinvasion:basher":1,"naturalist:snail":1,"alexsmobs:blue_jay":1,"alexsmobs:capuchin_monkey":1,"earthmobsmod:fancy_chicken":1,"illagerinvasion:provoker":2,"alexsmobs:flying_fish":1,"naturalist:vulture":1,"minecraft:husk":3,"minecraft:pig":4,"minecraft:zombie_villager":1,"naturalist:snake":1,"luminousworld:crab":3,"minecraft:sheep":4,"undead_revamp2:thesomnolence":1,"iceandfire:ghost":2,"enemyexpansion:huntsman":1,"minecraft:cow":14},"minecraft:mined":{"luminousworld:groundpebbles_1":2,"minecraft:white_bed":13,"iceandfire:graveyard_soil":10,"iceandfire:silver_ore":2,"minecraft:mossy_cobblestone":4,"iceandfire:copper_pile":6,"minecraft:jungle_leaves":2,"minecraft:stone_brick_wall":4,"luminousworld:bao_bob_wood":1,"minecraft:grass_block":5,"minecraft:jungle_log":23,"minecraft:redstone_wire":1,"luminousworld:grassvariant_2":4,"minecraft:coal_block":3,"luminousworld:baobab_plank":5,"minecraft:sandstone":29,"minecraft:spawner":2,"ecologics:prickly_pear":1,"minecraft:chiseled_stone_bricks":2,"minecraft:hay_block":34,"minecraft:tall_seagrass":2,"minecraft:furnace":2,"luminousworld:yellow_grassflowers":1,"minecraft:iron_ore":2,"minecraft:anvil":1,"minecraft:bookshelf":14,"iceandfire:gold_pile":9,"minecraft:vine":7,"ecologics:walnut_log":4,"minecraft:stone":23,"minecraft:white_wool":21,"luminousworld:savannah_soil":1,"minecraft:oak_slab":2,"minecraft:acacia_leaves":4,"minecraft:glass_pane":16,"ecologics:pot":1,"minecraft:comparator":1,"minecraft:dandelion":1,"minecraft:oak_fence":1,"minecraft:crafting_table":4,"luminousworld:savannah_grass_1":3,"ecologics:walnut_leaves":1,"quark:blossom_log":2,"minecraft:tall_grass":3,"minecraft:cobblestone":21,"minecraft:oak_planks":26,"minecraft:sugar_cane":7,"minecraft:wall_torch":3,"minecraft:skeleton_skull":1,"supplementaries:urn":2,"luminousworld:whiteoaklog":1,"minecraft:cactus":1,"minecraft:birch_planks":1,"minecraft:coarse_dirt":10,"ecologics:seashell":1,"minecraft:birch_log":15,"minecraft:white_carpet":4,"minecraft:birch_leaves":2,"luminousworld:bao_bob_log":30,"minecraft:grass":29,"minecraft:oak_log":6,"minecraft:coal_ore":3,"iceandfire:silver_pile":9,"minecraft:dirt":30,"minecraft:gray_carpet":1,"luminousworld:grassvariant_3":4,"minecraft:cobweb":33,"quark:crimson_chest":1,"minecraft:stone_bricks":2,"minecraft:oak_leaves":5,"luminousworld:savannah_ground":1},"minecraft:broken":{"minecraft:golden_helmet":1,"minecraft:golden_leggings":1,"minecraft:golden_axe":1},"minecraft:killed_by":{"minecraft:husk":4,"undead_revamp2:the_moonflower":1,"iceandfire:deathworm":1,"minecraft:pillager":1,"alexsmobs:capuchin_monkey":1,"minecraft:drowned":1,"enemyexpansion:huntsman":1,"minecraft:cave_spider":4,"enemyexpansion:direwolf":2,"iceandfire:ghost":2,"iceandfire:fire_dragon":2},"minecraft:picked_up":{"quark:crimson_chest":1,"luminousworld:groundpebbles_1":4,"minecraft:crafting_table":4,"minecraft:chicken":2,"born_in_chaos_v1:river_mint":1,"minecraft:anvil":1,"ecologics:seashell":1,"minecraft:stone_brick_wall":4,"luminousworld:bao_bob_wood":1,"minecraft:golden_shovel":1,"minecraft:string":31,"aether:diamond_gloves":1,"minecraft:armor_stand":2,"minecraft:white_carpet":4,"iceandfire:graveyard_soil":2,"minecraft:gold_nugget":81,"minecraft:comparator":1,"earthmobsmod:duck_egg":1,"minecraft:beef":27,"minecraft:iron_nugget":24,"minecraft:coal_block":3,"minecraft:sugar_cane":12,"minecraft:birch_sapling":1,"minecraft:furnace":2,"minecraft:sandstone":28,"minecraft:golden_helmet":1,"minecraft:raw_iron":2,"ecologics:walnut_log":4,"minecraft:torch":4,"quark:blossom_log":2,"minecraft:fire_charge":1,"minecraft:porkchop":6,"minecraft:golden_axe":1,"iceandfire:rotten_egg":1,"minecraft:stone_button":3,"tombstone:grave_dust":1,"minecraft:rabbit_foot":4,"luminousworld:baobab_plank":5,"minecraft:arrow":3,"minecraft:rotten_flesh":5,"minecraft:vex_armor_trim_smithing_template":2,"minecraft:hay_block":34,"minecraft:glistering_melon_slice":12,"minecraft:gold_ingot":3,"minecraft:mutton":6,"minecraft:white_wool":20,"minecraft:cobblestone":39,"minecraft:birch_log":14,"luminousworld:savannah_ground":1,"minecraft:feather":6,"minecraft:cooked_beef":3,"minecraft:jungle_log":20,"minecraft:leather":21,"minecraft:golden_leggings":1,"minecraft:birch_planks":1,"minecraft:flint":1,"minecraft:oak_log":8,"minecraft:gunpowder":10,"minecraft:lapis_lazuli":1,"tombstone:gift":2,"minecraft:dirt":14,"minecraft:paper":1,"minecraft:lantern":5,"minecraft:stone_bricks":1,"minecraft:gray_carpet":1,"minecraft:wheat_seeds":9,"minecraft:rabbit_hide":5,"minecraft:iron_ingot":6,"earthmobsmod:fancy_feather":1,"minecraft:rabbit":1,"minecraft:iron_sword":1,"minecraft:oak_planks":26,"minecraft:book":42,"minecraft:oak_slab":4,"iceandfire:copper_nugget":48,"endrem:lost_eye":1,"minecraft:cooked_porkchop":1,"minecraft:birch_boat":1,"ecologics:prickly_pear":3,"minecraft:chiseled_stone_bricks":2,"minecraft:dandelion":1,"minecraft:white_bed":14,"minecraft:spider_eye":2,"luminousworld:whiteoaklog":1,"minecraft:emerald":3,"tombstone:magic_scroll":1,"luminousworld:bao_bob_log":30,"iceandfire:silver_nugget":33,"minecraft:coal":3,"iceandfire:raw_silver":2,"minecraft:wooden_axe":2},"minecraft:dropped":{"minecraft:oak_slab":4,"minecraft:birch_planks":2,"minecraft:wheat_seeds":8,"minecraft:golden_helmet":1,"minecraft:cobblestone":4,"minecraft:feather":4,"minecraft:coal":1,"iceandfire:graveyard_soil":2,"minecraft:flint":1,"minecraft:dirt":6,"born_in_chaos_v1:river_mint":1,"minecraft:stone_button":3,"iceandfire:copper_nugget":12,"minecraft:wooden_axe":3,"minecraft:rabbit":1,"tombstone:grave_dust":2,"minecraft:gold_nugget":27,"minecraft:paper":1,"earthmobsmod:duck_egg":1,"minecraft:armor_stand":2,"iceandfire:silver_nugget":6,"minecraft:stone_axe":1,"minecraft:iron_nugget":15,"aether:golden_gloves":1,"minecraft:wheat":1,"tombstone:gift":3,"minecraft:chicken":2,"minecraft:white_carpet":4,"minecraft:rotten_flesh":4,"minecraft:comparator":1,"minecraft:chiseled_stone_bricks":2,"minecraft:rabbit_hide":2,"iceandfire:rotten_egg":2,"aether:diamond_gloves":1,"luminousworld:groundpebbles_1":4,"minecraft:golden_leggings":1,"earthmobsmod:fancy_feather":1,"minecraft:stone_bricks":1,"ecologics:seashell":1,"luminousworld:whiteoaklog":1},"minecraft:custom":{"minecraft:interact_with_anvil":1,"minecraft:mob_kills":60,"minecraft:animals_bred":1,"minecraft:inspect_hopper":1,"minecraft:interact_with_crafting_table":20,"minecraft:open_barrel":5,"minecraft:interact_with_campfire":4,"minecraft:leave_game":5,"minecraft:time_since_death":4152,"minecraft:climb_one_cm":11354,"minecraft:damage_resisted":292,"minecraft:sprint_one_cm":626719,"minecraft:walk_one_cm":582983,"minecraft:damage_blocked_by_shield":660,"minecraft:drop":63,"minecraft:talked_to_villager":3,"minecraft:play_time":271871,"minecraft:sneak_time":5825,"minecraft:deaths":22,"minecraft:walk_under_water_one_cm":35925,"minecraft:boat_one_cm":17820,"minecraft:jump":4545,"minecraft:walk_on_water_one_cm":49187,"minecraft:total_world_time":271871,"minecraft:interact_with_furnace":6,"tombstone:raider_killed":7,"minecraft:sleep_in_bed":21,"minecraft:time_since_rest":3868,"minecraft:damage_taken":8671,"minecraft:trigger_trapped_chest":2,"minecraft:damage_dealt":8142,"minecraft:swim_one_cm":91185,"minecraft:fly_one_cm":1101532,"minecraft:open_chest":41,"minecraft:crouch_one_cm":9590,"tombstone:undead_killed":7,"minecraft:fall_one_cm":128144},"minecraft:crafted":{"hangglider:glider_framework":1,"minecraft:oak_planks":32,"hangglider:hang_glider":1,"minecraft:birch_boat":1,"hangglider:glider_wing":2,"tombstone:grave_key":1,"minecraft:stone_pickaxe":1,"minecraft:wheat":217,"iceandfire:silver_axe":1,"sophisticatedbackpacks:backpack":1,"quark:blossom_planks":8,"iceandfire:silver_ingot":3,"minecraft:crafting_table":6,"minecraft:wooden_pickaxe":1,"minecraft:copper_ingot":4,"minecraft:birch_planks":44,"minecraft:stone_axe":1,"minecraft:bread":71,"minecraft:jungle_planks":80,"minecraft:string":8,"minecraft:shield":1,"minecraft:stick":40,"quark:oak_chest":1,"minecraft:iron_ingot":1,"minecraft:wooden_axe":1,"minecraft:white_bed":3,"minecraft:torch":92,"luminousworld:baobab_plank":68}},"DataVersion":3465}