{"stats":{"minecraft:killed":{"minecraft:pig":3,"earthmobsmod:jumbo_rabbit":2,"minecraft:zombie_villager":1,"naturalist:snail":1,"minecraft:sheep":4,"undead_revamp2:thesomnolence":1,"earthmobsmod:fancy_chicken":1,"minecraft:cow":10},"minecraft:killed_by":{"undead_revamp2:the_moonflower":1,"minecraft:pillager":1,"enemyexpansion:direwolf":1,"minecraft:drowned":1},"minecraft:mined":{"minecraft:oak_slab":2,"luminousworld:groundpebbles_1":2,"minecraft:acacia_leaves":4,"minecraft:white_bed":4,"minecraft:glass_pane":4,"minecraft:comparator":1,"iceandfire:copper_pile":6,"minecraft:dandelion":1,"minecraft:oak_fence":1,"minecraft:crafting_table":4,"luminousworld:savannah_grass_1":3,"luminousworld:bao_bob_wood":1,"minecraft:grass_block":1,"minecraft:stone_brick_wall":4,"ecologics:walnut_leaves":1,"minecraft:redstone_wire":1,"luminousworld:grassvariant_2":1,"minecraft:coal_block":3,"minecraft:cobblestone":3,"minecraft:oak_planks":25,"minecraft:sugar_cane":6,"minecraft:wall_torch":1,"minecraft:hay_block":34,"luminousworld:whiteoaklog":1,"minecraft:tall_seagrass":2,"minecraft:birch_planks":1,"luminousworld:yellow_grassflowers":1,"minecraft:furnace":2,"minecraft:birch_log":14,"minecraft:white_carpet":4,"minecraft:birch_leaves":1,"luminousworld:bao_bob_log":30,"minecraft:anvil":1,"minecraft:grass":19,"minecraft:bookshelf":14,"minecraft:coal_ore":1,"minecraft:oak_log":6,"iceandfire:silver_pile":9,"iceandfire:gold_pile":9,"minecraft:dirt":3,"luminousworld:grassvariant_3":2,"ecologics:walnut_log":4,"minecraft:stone":20,"minecraft:stone_bricks":1,"minecraft:white_wool":12},"minecraft:used":{"minecraft:stone_pickaxe":67,"minecraft:birch_planks":1,"minecraft:oak_planks":28,"minecraft:wooden_pickaxe":11,"minecraft:torch":1,"minecraft:dirt":4,"minecraft:crafting_table":5,"minecraft:white_bed":4,"minecraft:stone_brick_wall":4,"iceandfire:silver_axe":77,"minecraft:wooden_axe":21,"minecraft:bread":4,"minecraft:birch_sapling":1,"minecraft:stone_axe":109,"tombstone:gift":2,"minecraft:birch_log":1,"minecraft:cooked_beef":3,"minecraft:dandelion":1},"minecraft:crafted":{"iceandfire:silver_axe":1,"minecraft:oak_planks":32,"sophisticatedbackpacks:backpack":1,"iceandfire:silver_ingot":3,"minecraft:crafting_table":2,"minecraft:wooden_pickaxe":1,"minecraft:copper_ingot":4,"minecraft:birch_planks":24,"minecraft:stone_axe":1,"minecraft:bread":44,"minecraft:string":8,"minecraft:stick":24,"quark:oak_chest":1,"minecraft:stone_pickaxe":1,"minecraft:wooden_axe":1,"minecraft:white_bed":1,"luminousworld:baobab_plank":4,"minecraft:wheat":135},"minecraft:custom":{"minecraft:interact_with_anvil":1,"minecraft:mob_kills":23,"minecraft:inspect_hopper":1,"minecraft:animals_bred":1,"minecraft:interact_with_crafting_table":10,"minecraft:interact_with_campfire":4,"minecraft:leave_game":3,"minecraft:time_since_death":6514,"minecraft:sleep_in_bed":7,"minecraft:climb_one_cm":1129,"minecraft:time_since_rest":6330,"minecraft:sprint_one_cm":240197,"minecraft:damage_taken":1630,"minecraft:walk_one_cm":235849,"minecraft:drop":15,"minecraft:damage_dealt":2399,"minecraft:swim_one_cm":36824,"minecraft:talked_to_villager":3,"minecraft:fly_one_cm":317468,"minecraft:open_chest":17,"minecraft:play_time":105237,"minecraft:crouch_one_cm":3627,"tombstone:undead_killed":1,"minecraft:deaths":6,"minecraft:sneak_time":1994,"minecraft:walk_under_water_one_cm":17352,"minecraft:jump":1532,"minecraft:walk_on_water_one_cm":16708,"minecraft:total_world_time":105237,"minecraft:fall_one_cm":31737},"minecraft:picked_up":{"minecraft:wooden_axe":2,"minecraft:birch_log":14,"luminousworld:groundpebbles_1":4,"minecraft:crafting_table":4,"minecraft:cooked_beef":3,"minecraft:chicken":1,"minecraft:anvil":1,"minecraft:leather":14,"minecraft:stone_brick_wall":4,"minecraft:birch_planks":1,"luminousworld:bao_bob_wood":1,"minecraft:oak_log":8,"minecraft:lapis_lazuli":1,"minecraft:dirt":4,"minecraft:lantern":5,"minecraft:white_carpet":4,"minecraft:wheat_seeds":4,"minecraft:gold_nugget":54,"minecraft:comparator":1,"minecraft:rabbit_hide":4,"minecraft:iron_ingot":6,"minecraft:beef":19,"earthmobsmod:fancy_feather":1,"minecraft:rabbit":1,"minecraft:coal_block":3,"minecraft:sugar_cane":10,"minecraft:birch_sapling":1,"minecraft:oak_planks":25,"minecraft:furnace":2,"minecraft:book":42,"minecraft:oak_slab":4,"iceandfire:copper_nugget":42,"minecraft:cooked_porkchop":1,"ecologics:walnut_log":4,"minecraft:torch":2,"minecraft:dandelion":1,"minecraft:porkchop":4,"minecraft:stone_button":3,"minecraft:white_bed":4,"minecraft:rabbit_foot":2,"luminousworld:whiteoaklog":1,"minecraft:rotten_flesh":2,"minecraft:hay_block":34,"minecraft:gold_ingot":3,"minecraft:emerald":1,"luminousworld:bao_bob_log":30,"minecraft:mutton":6,"iceandfire:silver_nugget":30,"minecraft:coal":1,"minecraft:white_wool":13,"minecraft:cobblestone":22},"minecraft:dropped":{"minecraft:oak_slab":4,"minecraft:wheat_seeds":1,"minecraft:white_carpet":4,"minecraft:comparator":1,"minecraft:stone_button":3,"luminousworld:groundpebbles_1":4,"minecraft:wooden_axe":2,"minecraft:rabbit":1,"earthmobsmod:fancy_feather":1,"tombstone:grave_dust":1,"luminousworld:whiteoaklog":1}},"DataVersion":3465}