{"stats":{"minecraft:killed":{"earthmobsmod:jumbo_rabbit":2,"naturalist:snail":1,"earthmobsmod:fancy_chicken":1,"minecraft:pig":3,"minecraft:zombie_villager":1,"minecraft:sheep":4,"undead_revamp2:thesomnolence":1,"minecraft:cow":14},"minecraft:killed_by":{"undead_revamp2:the_moonflower":1,"minecraft:pillager":1,"minecraft:drowned":1,"enemyexpansion:direwolf":1},"minecraft:mined":{"luminousworld:groundpebbles_1":2,"minecraft:white_bed":5,"iceandfire:copper_pile":6,"luminousworld:bao_bob_wood":1,"minecraft:grass_block":1,"minecraft:stone_brick_wall":4,"minecraft:redstone_wire":1,"luminousworld:grassvariant_2":3,"minecraft:coal_block":3,"minecraft:hay_block":34,"minecraft:tall_seagrass":2,"minecraft:furnace":2,"luminousworld:yellow_grassflowers":1,"minecraft:anvil":1,"minecraft:bookshelf":14,"iceandfire:gold_pile":9,"ecologics:walnut_log":4,"minecraft:stone":20,"minecraft:white_wool":12,"minecraft:oak_slab":2,"minecraft:acacia_leaves":4,"minecraft:glass_pane":4,"minecraft:comparator":1,"minecraft:dandelion":1,"minecraft:oak_fence":1,"minecraft:crafting_table":4,"luminousworld:savannah_grass_1":3,"ecologics:walnut_leaves":1,"minecraft:cobblestone":3,"minecraft:sugar_cane":6,"minecraft:oak_planks":25,"minecraft:wall_torch":1,"minecraft:skeleton_skull":1,"luminousworld:whiteoaklog":1,"minecraft:birch_planks":1,"minecraft:coarse_dirt":10,"minecraft:birch_log":14,"minecraft:white_carpet":4,"minecraft:birch_leaves":1,"luminousworld:bao_bob_log":30,"minecraft:grass":21,"iceandfire:silver_pile":9,"minecraft:oak_log":6,"minecraft:coal_ore":1,"minecraft:dirt":5,"luminousworld:grassvariant_3":3,"quark:crimson_chest":1,"minecraft:stone_bricks":1},"minecraft:used":{"minecraft:torch":1,"minecraft:dirt":4,"minecraft:wooden_axe":36,"minecraft:birch_sapling":1,"tombstone:gift":2,"minecraft:cooked_beef":3,"minecraft:birch_planks":1,"minecraft:stone_pickaxe":67,"minecraft:oak_planks":28,"minecraft:wooden_pickaxe":11,"minecraft:crafting_table":6,"minecraft:white_bed":5,"iceandfire:silver_axe":85,"minecraft:stone_brick_wall":4,"minecraft:bread":7,"minecraft:stone_axe":109,"minecraft:fire_charge":1,"minecraft:birch_log":1,"minecraft:dandelion":1},"minecraft:crafted":{"hangglider:glider_framework":1,"minecraft:oak_planks":32,"hangglider:hang_glider":1,"hangglider:glider_wing":2,"minecraft:stone_pickaxe":1,"minecraft:wheat":135,"iceandfire:silver_axe":1,"sophisticatedbackpacks:backpack":1,"iceandfire:silver_ingot":3,"minecraft:crafting_table":2,"minecraft:wooden_pickaxe":1,"minecraft:copper_ingot":4,"minecraft:birch_planks":24,"minecraft:stone_axe":1,"minecraft:bread":44,"minecraft:string":8,"minecraft:stick":24,"quark:oak_chest":1,"minecraft:wooden_axe":1,"minecraft:white_bed":1,"luminousworld:baobab_plank":4},"minecraft:custom":{"minecraft:mob_kills":27,"minecraft:interact_with_anvil":1,"minecraft:animals_bred":1,"minecraft:inspect_hopper":1,"minecraft:interact_with_crafting_table":13,"minecraft:interact_with_campfire":4,"minecraft:leave_game":3,"minecraft:time_since_death":18514,"minecraft:climb_one_cm":1129,"minecraft:sprint_one_cm":268714,"minecraft:walk_one_cm":257327,"minecraft:drop":19,"minecraft:talked_to_villager":3,"minecraft:play_time":117237,"minecraft:deaths":6,"minecraft:sneak_time":2259,"minecraft:walk_under_water_one_cm":19545,"minecraft:jump":1693,"minecraft:walk_on_water_one_cm":20347,"minecraft:total_world_time":117237,"minecraft:sleep_in_bed":8,"minecraft:time_since_rest":9340,"minecraft:damage_taken":1710,"minecraft:damage_dealt":2799,"minecraft:swim_one_cm":43182,"minecraft:fly_one_cm":347083,"minecraft:open_chest":18,"minecraft:crouch_one_cm":4101,"tombstone:undead_killed":1,"minecraft:fall_one_cm":34852},"minecraft:picked_up":{"minecraft:wooden_axe":2,"luminousworld:groundpebbles_1":4,"minecraft:crafting_table":4,"minecraft:chicken":1,"minecraft:anvil":1,"minecraft:stone_brick_wall":4,"luminousworld:bao_bob_wood":1,"minecraft:golden_shovel":1,"minecraft:white_carpet":4,"minecraft:gold_nugget":54,"minecraft:comparator":1,"minecraft:beef":27,"minecraft:iron_nugget":9,"minecraft:sugar_cane":10,"minecraft:coal_block":3,"minecraft:birch_sapling":1,"minecraft:furnace":2,"ecologics:walnut_log":4,"minecraft:torch":2,"minecraft:fire_charge":1,"minecraft:porkchop":4,"minecraft:golden_axe":1,"minecraft:stone_button":3,"minecraft:rabbit_foot":2,"minecraft:rotten_flesh":2,"minecraft:hay_block":34,"minecraft:gold_ingot":3,"minecraft:glistering_melon_slice":12,"minecraft:mutton":6,"minecraft:cobblestone":22,"minecraft:white_wool":13,"minecraft:birch_log":14,"minecraft:cooked_beef":3,"minecraft:leather":21,"minecraft:birch_planks":1,"minecraft:flint":1,"minecraft:oak_log":8,"minecraft:lapis_lazuli":1,"minecraft:dirt":4,"minecraft:lantern":5,"minecraft:wheat_seeds":5,"minecraft:rabbit_hide":4,"minecraft:iron_ingot":6,"earthmobsmod:fancy_feather":1,"minecraft:rabbit":1,"minecraft:oak_planks":25,"minecraft:book":42,"minecraft:oak_slab":4,"iceandfire:copper_nugget":42,"minecraft:cooked_porkchop":1,"minecraft:dandelion":1,"minecraft:white_bed":5,"luminousworld:whiteoaklog":1,"minecraft:emerald":1,"luminousworld:bao_bob_log":30,"minecraft:coal":1,"iceandfire:silver_nugget":30,"quark:crimson_chest":1},"minecraft:dropped":{"minecraft:oak_slab":4,"minecraft:wheat_seeds":4,"minecraft:cobblestone":2,"minecraft:flint":1,"minecraft:stone_button":3,"minecraft:wooden_axe":2,"minecraft:rabbit":1,"tombstone:grave_dust":1,"minecraft:chicken":1,"minecraft:white_carpet":4,"minecraft:comparator":1,"luminousworld:groundpebbles_1":4,"earthmobsmod:fancy_feather":1,"luminousworld:whiteoaklog":1}},"DataVersion":3465}