{"stats":{"minecraft:used":{"minecraft:bone_block":1,"minecraft:shield":24,"minecraft:iron_sword":239,"luminousworld:savannah_ground":1,"minecraft:jungle_planks":115,"minecraft:birch_sapling":1,"minecraft:gray_carpet":1,"minecraft:stone_pickaxe":77,"minecraft:oak_planks":40,"minecraft:wooden_pickaxe":11,"minecraft:sandstone":28,"minecraft:glow_berries":4,"luminousworld:baobab_plank":47,"iceandfire:silver_axe":211,"minecraft:stone_brick_wall":4,"quark:tiny_potato":1,"minecraft:bread":84,"tombstone:grave_key":12,"minecraft:golden_helmet":1,"minecraft:fire_charge":1,"minecraft:birch_log":1,"endrem:lost_eye":1,"minecraft:stick":1,"minecraft:torch":54,"minecraft:dirt":8,"minecraft:golden_shovel":38,"minecraft:wooden_axe":45,"minecraft:iron_boots":1,"tombstone:gift":3,"minecraft:cooked_beef":3,"minecraft:golden_axe":32,"tombstone:scroll_of_reach":1,"minecraft:birch_planks":16,"minecraft:birch_boat":1,"minecraft:jungle_wood":1,"minecraft:crafting_table":13,"minecraft:white_bed":21,"minecraft:iron_pickaxe":75,"tombstone:magic_scroll":1,"minecraft:golden_leggings":1,"minecraft:stone_axe":109,"minecraft:cobblestone":11,"minecraft:dandelion":1},"minecraft:killed":{"illagerinvasion:archivist":5,"earthmobsmod:duck":1,"minecraft:cave_spider":8,"earthmobsmod:jumbo_rabbit":2,"illagerinvasion:basher":2,"naturalist:snail":1,"alexsmobs:capuchin_monkey":1,"illagerinvasion:provoker":8,"minecraft:pig":4,"minecraft:zombie_villager":1,"naturalist:snake":1,"luminousworld:crab":3,"minecraft:sheep":4,"minecraft:cow":14,"minecraft:vindicator":10,"illagerinvasion:marauder":1,"enemyexpansion:direwolf":2,"born_in_chaos_v1:thornshell_crab":1,"alexsmobs:blue_jay":1,"earthmobsmod:fancy_chicken":1,"alexsmobs:flying_fish":1,"naturalist:vulture":1,"minecraft:husk":6,"undead_revamp2:thesomnolence":1,"iceandfire:ghost":2,"enemyexpansion:huntsman":1},"minecraft:mined":{"minecraft:dark_oak_planks":20,"iceandfire:graveyard_soil":10,"minecraft:white_bed":19,"iceandfire:copper_pile":6,"minecraft:jungle_leaves":8,"luminousworld:bao_bob_wood":1,"minecraft:grass_block":5,"minecraft:stone_brick_wall":4,"minecraft:jungle_log":53,"minecraft:coal_block":3,"luminousworld:baobab_plank":5,"minecraft:chiseled_stone_bricks":4,"ecologics:prickly_pear":1,"minecraft:spawner":2,"minecraft:tall_seagrass":3,"minecraft:iron_ore":2,"minecraft:anvil":1,"iceandfire:gold_pile":9,"illagerinvasion:magic_fire":9,"ecologics:walnut_log":4,"ecologics:pot":1,"quark:blossom_log":2,"minecraft:cobblestone":21,"minecraft:sugar_cane":7,"minecraft:oak_planks":26,"minecraft:wall_torch":3,"minecraft:skeleton_skull":1,"minecraft:jungle_wood":7,"ecologics:seashell":1,"minecraft:birch_log":15,"luminousworld:bao_bob_log":30,"minecraft:grass":36,"minecraft:oak_log":6,"minecraft:dirt":30,"luminousworld:grassvariant_3":4,"minecraft:oak_leaves":7,"luminousworld:savannah_ground":1,"luminousworld:groundpebbles_1":2,"iceandfire:silver_ore":2,"minecraft:mossy_cobblestone":4,"minecraft:dark_oak_log":1,"minecraft:jungle_planks":5,"minecraft:redstone_wire":1,"luminousworld:grassvariant_2":4,"minecraft:sandstone":29,"minecraft:hay_block":34,"minecraft:furnace":2,"luminousworld:yellow_grassflowers":1,"minecraft:bookshelf":14,"minecraft:vine":16,"minecraft:stone":25,"minecraft:bone_block":1,"minecraft:white_wool":21,"minecraft:oak_slab":2,"luminousworld:savannah_soil":1,"minecraft:acacia_leaves":4,"minecraft:glass_pane":18,"minecraft:comparator":1,"minecraft:dandelion":1,"minecraft:oak_fence":1,"minecraft:crafting_table":4,"luminousworld:savannah_grass_1":3,"ecologics:walnut_leaves":1,"minecraft:tall_grass":3,"supplementaries:urn":2,"luminousworld:whiteoaklog":1,"minecraft:birch_planks":1,"minecraft:cactus":1,"minecraft:coarse_dirt":10,"minecraft:white_carpet":4,"minecraft:birch_leaves":2,"minecraft:coal_ore":3,"iceandfire:silver_pile":9,"minecraft:gray_carpet":1,"minecraft:cobweb":35,"quark:crimson_chest":1,"minecraft:stone_bricks":6,"minecraft:fern":2},"minecraft:broken":{"minecraft:golden_helmet":1,"minecraft:golden_leggings":1,"minecraft:golden_axe":1},"minecraft:killed_by":{"minecraft:evoker":1,"undead_revamp2:the_moonflower":1,"minecraft:pillager":1,"alexsmobs:capuchin_monkey":1,"minecraft:drowned":1,"enemyexpansion:huntsman":1,"minecraft:vindicator":4,"minecraft:cave_spider":4,"alexsmobs:komodo_dragon":1,"iceandfire:fire_dragon":2,"minecraft:vex":2,"minecraft:husk":7,"iceandfire:deathworm":1,"enemyexpansion:direwolf":2,"iceandfire:ghost":2,"illagerinvasion:provoker":1},"minecraft:picked_up":{"minecraft:wooden_axe":2,"minecraft:anvil":1,"minecraft:golden_shovel":1,"minecraft:string":33,"aether:diamond_gloves":1,"minecraft:armor_stand":2,"illagerinvasion:platinum_infused_hatchet":1,"minecraft:gold_nugget":81,"minecraft:comparator":1,"earthmobsmod:duck_egg":1,"minecraft:coal_block":3,"minecraft:furnace":2,"minecraft:golden_helmet":1,"ecologics:walnut_log":4,"minecraft:torch":4,"quark:blossom_log":2,"minecraft:porkchop":6,"minecraft:golden_axe":1,"iceandfire:rotten_egg":1,"tombstone:grave_dust":1,"minecraft:rabbit_foot":4,"minecraft:rotten_flesh":6,"minecraft:vex_armor_trim_smithing_template":2,"supplementaries:ash":8,"minecraft:cobblestone":41,"minecraft:birch_log":14,"luminousworld:savannah_ground":1,"minecraft:cooked_beef":3,"minecraft:feather":6,"minecraft:jungle_log":50,"minecraft:golden_leggings":1,"minecraft:jungle_wood":5,"minecraft:flint":1,"minecraft:lapis_lazuli":1,"minecraft:dirt":14,"minecraft:lantern":5,"minecraft:bow":1,"minecraft:wheat_seeds":10,"minecraft:rabbit":1,"minecraft:oak_planks":26,"endrem:lost_eye":1,"minecraft:cooked_porkchop":1,"ecologics:prickly_pear":3,"minecraft:jungle_planks":5,"minecraft:dark_oak_log":1,"minecraft:emerald":13,"luminousworld:bao_bob_log":30,"born_in_chaos_v1:rotten_fish":2,"iceandfire:silver_nugget":33,"iceandfire:raw_silver":2,"quark:crimson_chest":1,"luminousworld:groundpebbles_1":4,"minecraft:crafting_table":4,"minecraft:chicken":2,"born_in_chaos_v1:river_mint":1,"ecologics:seashell":1,"minecraft:stone_brick_wall":4,"luminousworld:bao_bob_wood":1,"minecraft:white_carpet":4,"iceandfire:graveyard_soil":2,"minecraft:beef":27,"minecraft:iron_nugget":30,"minecraft:sugar_cane":12,"minecraft:birch_sapling":1,"minecraft:raw_iron":2,"minecraft:sandstone":28,"minecraft:fire_charge":1,"minecraft:stone_button":3,"minecraft:dark_oak_planks":3,"luminousworld:baobab_plank":5,"minecraft:arrow":9,"minecraft:hay_block":34,"minecraft:glistering_melon_slice":12,"born_in_chaos_v1:spiny_shell":4,"minecraft:gold_ingot":3,"minecraft:totem_of_undying":1,"minecraft:mutton":6,"minecraft:white_wool":20,"minecraft:bone_block":1,"minecraft:leather":21,"minecraft:birch_planks":1,"minecraft:oak_log":8,"minecraft:gunpowder":12,"minecraft:paper":4,"tombstone:gift":2,"minecraft:stone_bricks":5,"minecraft:gray_carpet":1,"minecraft:rabbit_hide":5,"earthmobsmod:fancy_feather":1,"minecraft:iron_ingot":6,"minecraft:glass_bottle":2,"minecraft:iron_sword":2,"minecraft:book":43,"minecraft:oak_slab":4,"iceandfire:copper_nugget":48,"minecraft:birch_boat":1,"minecraft:chiseled_stone_bricks":4,"minecraft:dandelion":1,"minecraft:white_bed":20,"minecraft:spider_eye":2,"luminousworld:whiteoaklog":1,"minecraft:iron_helmet":1,"tombstone:magic_scroll":1,"minecraft:coal":3},"minecraft:dropped":{"minecraft:iron_sword":1,"minecraft:birch_planks":2,"iceandfire:graveyard_soil":2,"minecraft:flint":1,"minecraft:dirt":6,"minecraft:stone_button":3,"minecraft:gold_nugget":27,"minecraft:armor_stand":2,"minecraft:stone_axe":1,"minecraft:iron_nugget":15,"aether:golden_gloves":1,"minecraft:wheat":1,"tombstone:gift":3,"minecraft:rotten_flesh":4,"minecraft:chiseled_stone_bricks":2,"minecraft:rabbit_hide":2,"luminousworld:whiteoaklog":1,"minecraft:oak_slab":4,"minecraft:wheat_seeds":8,"minecraft:golden_helmet":1,"minecraft:feather":4,"minecraft:cobblestone":4,"minecraft:coal":1,"born_in_chaos_v1:river_mint":1,"iceandfire:copper_nugget":12,"minecraft:wooden_axe":3,"minecraft:rabbit":1,"tombstone:grave_dust":2,"minecraft:paper":1,"earthmobsmod:duck_egg":1,"iceandfire:silver_nugget":6,"minecraft:chicken":2,"minecraft:white_carpet":4,"minecraft:comparator":1,"iceandfire:rotten_egg":2,"aether:diamond_gloves":1,"luminousworld:groundpebbles_1":4,"earthmobsmod:fancy_feather":1,"minecraft:golden_leggings":1,"minecraft:stone_bricks":1,"ecologics:seashell":1},"minecraft:custom":{"minecraft:animals_bred":1,"minecraft:interact_with_crafting_table":30,"minecraft:open_barrel":26,"minecraft:leave_game":6,"minecraft:time_since_death":6680,"minecraft:damage_resisted":292,"minecraft:sprint_one_cm":716576,"minecraft:damage_blocked_by_shield":1605,"minecraft:drop":64,"minecraft:talked_to_villager":3,"minecraft:play_time":335166,"minecraft:deaths":34,"minecraft:jump":5578,"minecraft:interact_with_brewingstand":1,"minecraft:walk_on_water_one_cm":65845,"minecraft:interact_with_furnace":6,"minecraft:sleep_in_bed":24,"minecraft:damage_dealt":15668,"minecraft:crouch_one_cm":13038,"tombstone:undead_killed":10,"minecraft:mob_kills":87,"minecraft:interact_with_anvil":1,"minecraft:inspect_hopper":1,"minecraft:interact_with_campfire":4,"minecraft:climb_one_cm":16000,"minecraft:walk_one_cm":727311,"minecraft:sneak_time":6955,"minecraft:walk_under_water_one_cm":50720,"minecraft:boat_one_cm":17820,"minecraft:total_world_time":335166,"tombstone:raider_killed":26,"minecraft:time_since_rest":6528,"minecraft:damage_taken":13513,"minecraft:trigger_trapped_chest":2,"tombstone:cast_on_ally":0,"minecraft:swim_one_cm":106778,"minecraft:fly_one_cm":1397802,"minecraft:open_chest":66,"minecraft:fall_one_cm":185720},"minecraft:crafted":{"minecraft:oak_planks":32,"hangglider:hang_glider":1,"minecraft:birch_boat":1,"ecologics:walnut_planks":16,"sophisticatedbackpacks:crafting_upgrade":1,"tombstone:grave_key":1,"iceandfire:silver_axe":1,"sophisticatedbackpacks:backpack":1,"quark:blossom_planks":8,"minecraft:crafting_table":8,"minecraft:wooden_pickaxe":1,"minecraft:copper_ingot":4,"minecraft:birch_planks":44,"sophisticatedbackpacks:upgrade_base":1,"minecraft:string":8,"minecraft:shield":1,"minecraft:stick":40,"quark:oak_chest":1,"minecraft:iron_ingot":11,"minecraft:gold_ingot":7,"hangglider:glider_framework":1,"quark:jungle_chest":1,"hangglider:glider_wing":2,"minecraft:stone_pickaxe":1,"minecraft:wheat":217,"sophisticatedbackpacks:iron_backpack":1,"iceandfire:silver_ingot":3,"sophisticatedbackpacks:gold_backpack":1,"minecraft:stone_axe":1,"minecraft:bread":71,"minecraft:jungle_planks":156,"minecraft:wooden_axe":1,"minecraft:white_bed":4,"minecraft:torch":92,"luminousworld:baobab_plank":68}},"DataVersion":3465}